column_text,dataset_type
Region Soil_Type Crop Rainfall_mm Temperature_Celsius Fertilizer_Used Irrigation_Used Weather_Condition Days_to_Harvest Yield_tons_per_hectare,agriculture
State_Name District_Name Crop_Year Season Crop Area Production,agriculture
Total Farming Crop_Production Livestock_Production Aquaculture Fishing Irrigation Maize Sorghum Rice Potatoes Beans Cassava Sweet_Potatoes Wheat Green_grams Bananas Cabbages Tomatoes Onions Ground_Nuts Millet Watermelons Kales Sugarcane Cotton Exotic_cattle_0Dairy Exotic_cattle_0Beef Indigenous_cattle Sheep Goats Camels Donkeys Pigs Indigenous_Chicken Exotic_Chicken_Layers Exotic_Chicken_Broilers Beehives Rabbits Fish_Ponds Fish_Cages,agriculture
ANNUAL avg_rain Nitrogen POTASH PHOSPHATE DYSTROPEPTS FLUVENTS INCEPTISOLS LOAMY_ALFISOL ORTHENTS ORTHIDS PSAMMENTS SANDY_ALFISOL UDALFS UDOLLS_UDALFS UDUPTS_UDALFS USTALF_USTOLLS USTALFS VERTIC_SOILS VERTISOLS RICE_PRODUCTION,agriculture
Dist_Code Year State_Code State_Name Dist_Name Rice_Area RICE_PRODUCTION ANNUAL_RAIN avg_rain Nitrogen POTASH PHOSPHATE DYSTROPEPTS FLUVENTS INCEPTISOLS LOAMY_ALFISOL ORTHENTS ORTHIDS PSAMMENTS SANDY_ALFISOL UDALFS UDOLLS_UDALFS UDUPTS_UDALFS USTALF_USTOLLS USTALFS VERTIC_SOILS VERTISOLS RICE_YIELD,agriculture
N P K temperature humidity ph rainfall label,agriculture
country Year Land_use Grazingland Cropland,agriculture
STATISTIC Statistic_Label TLIST_A1 Census_Year C03867V04617 County C02145V02588 Type_of_Crop UNIT VALUE,agriculture
ID Estimated_Insects_Count Crop_Type Soil_Type Pesticide_Use_Category Number_Doses_Week Number_Weeks_Used Number_Weeks_Quit Season,agriculture
ID Estimated_Insects_Count Crop_Type Soil_Type Pesticide_Use_Category Number_Doses_Week Number_Weeks_Used Number_Weeks_Quit Season Crop_Damage,agriculture
Temparature Humidity Moisture Soil_Type Crop_Type Nitrogen Potassium Phosphorous Fertilizer_Name,agriculture
Year Location Area Rainfall Temperature Soil_type Irrigation yeilds Humidity Crops price Season,agriculture
PlotNo Field Block Treatment LevelStoverHarvest Tillage InitialCroppingSystem EndingCropRotation EndingCroppingSystem Crop2017 Grain2008 Stover2008 Grain2009 Stover2009 Grain2010 Stover2010 Grain2011 Stover2011 Grain2012 Stover2012 Grain2013 Stover2013 Grain2014 Stover2014 Grain2015 Stover2015 Grain2016 Stover2016 Grain2017 Stover2017 Grain2018 Stover2018 Grain2019 Stover2019 Grain2020 Stover2020,agriculture
Profile Wheel Depth_Upper Depth_Lower ConeIndex Crop Tillage ResidueRemoved Plot Field Block Plot_2 Side Tx GWC BD VWC TC_perc OM_perc,agriculture
Year May_tmin_C May_tmean_C May_tmax_C,agriculture
Date DOY Month Year Inches mm,agriculture
Year Field Plot_No SMU Core_No Tillage Depth Lab_No TotalN_perc TotalC_perc InorganicC_perc OrganicC_perc pH Delta_C13 atom_pct,agriculture
STUDY BLOCK PLOT REP ROTN SEQ TILLAGE NRATE DEPTH 99_pH 99_NACMOL 99_KCMOL 99_MGCMOL 99_CACMOL 99_SUMCAT 83_pH 83_NACMOL 83_KCMOL 83_MGCMOL 83_CACMOL 83_SUMCAT Delta_pH Delta_NACMOL Delta_KCMOL Delta_MGCMOL Delta_CACMOL Delta_SUMCAT,agriculture
STUDY BLOCK PLOT REP ROTN SEQ TILLAGE NRATE DEPTH 99_pH 99_NACMOL 99_KCMOL 99_MGCMOL 99_CACMOL 99_SUMCAT 83_pH 83_NACMOL 83_KCMOL 83_MGCMOL 83_CACMOL 83_SUMCAT Delta_pH Delta_NACMOL Delta_KCMOL Delta_MGCMOL Delta_CACMOL Delta_SUMCAT,agriculture
Line Entry_# total_#Plants Stunting_Score_mean Leaves_mean Tillers_mean Total_dead_mean Total_Live_mean Total_Larvae_mean larval_Mortality_perc R_Plants_perc notes_written_during_plant_dissections,agriculture
Planting_Date Infestation_Date Scoring_Date Line Entry Plant# Stunting_Score Resistance_score_Leaves Tillers Coleoptile_tillers Large_dead Medium_dead Small_dead Neonate_larvae Total_Dead Large_Live Medium_Live Small_Live Total_Live Total_Larvae,agriculture
Year Arabica_in_hectares Arabica_perc Robusta_in_hectares Robusta_perc Total_in_hectares,agriculture
Dist_Code Year State_Code State_Name Dist_Name RICE_AREA_1000_ha RICE_PRODUCTION_1000_tons RICE_YIELD_Kg_per_ha WHEAT_AREA_1000_ha WHEAT_PRODUCTION_1000_tons WHEAT_YIELD_Kg_per_ha KHARIF_SORGHUM_AREA_1000_ha KHARIF_SORGHUM_PRODUCTION_1000_tons KHARIF_SORGHUM_YIELD_Kg_per_ha RABI_SORGHUM_AREA_1000_ha RABI_SORGHUM_PRODUCTION_1000_tons RABI_SORGHUM_YIELD_Kg_per_ha SORGHUM_AREA_1000_ha SORGHUM_PRODUCTION_1000_tons SORGHUM_YIELD_Kg_per_ha PEARL_MILLET_AREA_1000_ha PEARL_MILLET_PRODUCTION_1000_tons PEARL_MILLET_YIELD_Kg_per_ha MAIZE_AREA_1000_ha MAIZE_PRODUCTION_1000_tons MAIZE_YIELD_Kg_per_ha FINGER_MILLET_AREA_1000_ha FINGER_MILLET_PRODUCTION_1000_tons FINGER_MILLET_YIELD_Kg_per_ha BARLEY_AREA_1000_ha BARLEY_PRODUCTION_1000_tons BARLEY_YIELD_Kg_per_ha CHICKPEA_AREA_1000_ha CHICKPEA_PRODUCTION_1000_tons CHICKPEA_YIELD_Kg_per_ha PIGEONPEA_AREA_1000_ha PIGEONPEA_PRODUCTION_1000_tons PIGEONPEA_YIELD_Kg_per_ha MINOR_PULSES_AREA_1000_ha MINOR_PULSES_PRODUCTION_1000_tons MINOR_PULSES_YIELD_Kg_per_ha GROUNDNUT_AREA_1000_ha GROUNDNUT_PRODUCTION_1000_tons GROUNDNUT_YIELD_Kg_per_ha SESAMUM_AREA_1000_ha SESAMUM_PRODUCTION_1000_tons SESAMUM_YIELD_Kg_per_ha RAPESEED_AND_MUSTARD_AREA_1000_ha RAPESEED_AND_MUSTARD_PRODUCTION_1000_tons RAPESEED_AND_MUSTARD_YIELD_Kg_per_ha SAFFLOWER_AREA_1000_ha SAFFLOWER_PRODUCTION_1000_tons SAFFLOWER_YIELD_Kg_per_ha CASTOR_AREA_1000_ha CASTOR_PRODUCTION_1000_tons CASTOR_YIELD_Kg_per_ha LINSEED_AREA_1000_ha LINSEED_PRODUCTION_1000_tons LINSEED_YIELD_Kg_per_ha SUNFLOWER_AREA_1000_ha SUNFLOWER_PRODUCTION_1000_tons SUNFLOWER_YIELD_Kg_per_ha SOYABEAN_AREA_1000_ha SOYABEAN_PRODUCTION_1000_tons SOYABEAN_YIELD_Kg_per_ha OILSEEDS_AREA_1000_ha OILSEEDS_PRODUCTION_1000_tons OILSEEDS_YIELD_Kg_per_ha SUGARCANE_AREA_1000_ha SUGARCANE_PRODUCTION_1000_tons SUGARCANE_YIELD_Kg_per_ha COTTON_AREA_1000_ha COTTON_PRODUCTION_1000_tons COTTON_YIELD_Kg_per_ha FRUITS_AREA_1000_ha VEGETABLES_AREA_1000_ha FRUITS_AND_VEGETABLES_AREA_1000_ha POTATOES_AREA_1000_ha ONION_AREA_1000_ha FODDER_AREA_1000_ha,agriculture
Retn_Code FdGrp_CD RetnDesc Nutr_No NutrDesc Retn_Factor Date,agriculture
Food_Group_Code NDB Yield_Description Preparation_Method1 Cooking_Yield_perc n SD Yield_Minimum_perc Yield_Maximum_perc Moisture_Gain_Loss_perc Fat_Gain_Loss_perc Release_Year2,agriculture
siteid plotid location year_calendar year_crop date cashcrop tillage_type depth comments,agriculture
siteid plotid location year_calendar year_crop date cashcrop operation operation_type depth lime_rate manure_source manure_method manure_rate fertilizer_form fertilizer_crop fertilizer_application_type fertilizer_formulation fertilizer_rate nitrogen_elem phosphorus_elem potassium_elem sulfur_elem zinc_elem magnesium_elem calcium_elem iron_elem stabilizer stabilizer_used stabilizer_name comments,agriculture
siteid plotid location year_calendar year_crop crop notill comments,agriculture
siteid plotid location year_calendar year_crop date cashcrop comments,agriculture
siteid plotid location year_calendar year_crop date cashcrop plant_hybrid plant_maturity plant_maturity_GDD_F plant_maturity_GDD_source plant_rate plant_rate_units comments,agriculture
siteid plotid irrigation_structure irrigation_method year_calendar date_irrigation_start date_irrigation_end irrigation_amount comments,agriculture
siteid plotid control_structure year_calendar date outlet_depth outlet_height comments,agriculture
siteid station date precipitation relative_humidity air_temp_avg air_temp_min air_temp_max dew_point_temp_avg solar_radiation wind_speed wind_direction et et_method,agriculture
Crop State Cost_of_Cultivation_Hectare_A2_FL Cost_of_Cultivation_Hectare_C2 Cost_of_Production_Quintal_C2 Yield_Quintal_Hectare,agriculture
siteid plotid location subsample depth year date soil_texture percent_sand percent_silt percent_clay bulk_density hydraulic_conductivity infiltration_rate matric_potential water_content som pH_water pH_salt lime_index neutralizable_acidity cec K_saturation Ca_saturation Mg_saturation Na_saturation K_concentration Ca_concentation Mg_concentration Na_concentration K_amount Ca_amount Mg_amount sar salinity_paste salinity_water soc total_N NO3_concentration NH4_concentration NO3_amount NH4_amount P_B1_concentration P_M3_concentration P_B1_amount,agriculture
siteid plotid location depth date soil_moisture soil_temperature soil_ec,agriculture
siteid plotid location crop trt_2 trt_value_2 year date leaf_area_index final_plant_population grain_moisture crop_yield standard_moisture whole_plant_biomass vegetative_biomass grain_biomass corn_cob_biomass forage_biomass whole_plant_total_N vegetative_total_N grain_total_N corn_cob_total_N vegetative_total_C grain_total_C corn_cob_total_C,agriculture
siteid location date stage,agriculture
siteid plotid location reading_type date water_table_depth,agriculture
siteid plotid location height date sample_type nitrate_N_concentration ammonia_N_concentration total_N_filtered_concentration total_N_unfiltered_concentration ortho_P_filtered_concentration ortho_P_unfiltered_concentration total_P_filtered_concentration total_P_unfiltered_concentration pH water_ec,agriculture
siteid plotid location date drain_flow discharge nitrate_N_load nitrate_N_removed drain_flow_filled nitrate_N_load_filled comments,agriculture
VRTT_Varroa_Resistance_and_Testing_Team,agriculture
VRTT_Varroa_Resistance_and_Testing_Team,agriculture
OSU_Miticide_data_summer_2018 Vd_Varroa_destructor_phoretic_on_adults_harvested_with_sugar_shake,agriculture
district mandal village lat_gis long_gis gwl season pH E_C TDS CO3 HCO3 Cl F NO3_SO4 Na K Ca Mg T_H SAR Classification RSC_meq_L Classification_1,agriculture
OSU_Miticide_data_summer_2018 Vd_Varroa_destructor_phoretic_on_adults_harvested_with_sugar_shake,agriculture
age job marital education default balance housing loan contact day month duration campaign pdays previous poutcome y,banking
clientid income age loan default,banking
STNAME CERT DOCKET ACTIVE ADDRESS ASSET BKCLASS CHANGEC1 CHANGEC2 CHANGEC3 CHANGEC4 CHANGEC5 CHANGEC6 CHANGEC7 CHANGEC8 CHANGEC9 CHANGEC10 CHANGEC11 CHANGEC12 CHANGEC13 CHANGEC14 CHANGEC15 CHARTER CHRTAGNT CONSERVE CITY CLCODE COUNTY DATEUPDT DENOVO DEP EFFDATE ENDEFYMD EQ ESTYMD FDICDBS FDICREGN FDICSUPV FED FED_RSSD FEDCHRTR FLDOFF IBA INACTIVE INSAGNT1 INSAGNT2 INSDATE INSTCRCD INSBIF INSCOML INSDIF INSFDIC INSSAIF INSSAVE MSA_NO MSA NAME NEWCERT OAKAR OTSDIST OTSREGNM PROCDATE QBPRCOML REGAGNT REPDTE RISDATE STCHRTR ROA ROAQ ROE ROEQ RUNDATE SASSER LAW_SASSER_FLG STALP STCNTY STNUM ZIP SUPRV_FD OCCDIST UNINUM ULTCERT CFPBEFFDTE CFPBENDDTE CFPBFLAG REGAGENT2 TE01N528 TE02N528 TE03N528 TE04N528 TE05N528 TE06N528 TE07N528 TE08N528 TE09N528 TE10N528 TE01N529 TE02N529 TE03N529 TE04N529 TE05N529 TE06N529 WEBADDR OFFICES CERTCONS PARCERT CITYHCR DEPDOM FORM31 HCTMULT INSTAG MUTUAL NAMEHCR NETINC NETINCQ OFFDOM OFFFOR OFFOA RSSDHCR STALPHCR SUBCHAPS ROAPTX ROAPTXQ TRUST SPECGRP SPECGRPN TRACT CSA CSA_NO CSA_FLG CBSA CBSA_NO CBSA_METRO_NAME CBSA_METRO CBSA_METRO_FLG CBSA_MICRO_FLG CBSA_DIV CBSA_DIV_NO CBSA_DIV_FLG CB,banking
X Y NAME ADDRESS ZIPCODE WARD LATITUDE LONGITUDE OBJECTID XCOORD YCOORD MAR_ID GIS_ID SE_ANNO_CAD_DATA GLOBALID CREATED EDITED,banking
ADDRESS BKCLASS CBSA CBSA_DIV CBSA_DIV_FLG CBSA_DIV_NO CBSA_METRO CBSA_METRO_FLG CBSA_METRO_NAME CBSA_MICRO_FLG CBSA_NO CERT CITY COUNTY CSA CSA_FLG CSA_NO ESTYMD FI_UNINUM MAINOFF NAME OFFNAME OFFNUM RUNDATE SERVTYPE STALP STCNTY STNAME UNINUM ZIP,banking
Name_of_Institution Street_Address City ZIP_Code County Georeference,banking
CaseID banking_status bank_status_num age_group income_group income_group_num weight Q2 Q4 Q12 Q24 Q25_6 Q25_7 Q25_8 Q25_9 Q25_10 Q25_11 Q27 Q28 Q30 Q32 Q34_1 Q34_2 Q34_3 Q34_4 Q34_5 Q35_1 Q35_2 Q35_3 Q35_4 Q35_5 Q37_1 Q37_2 Q37_3 Q37_4 Q37_5 Q37_6 Q37_7 Q37_8 Q37_9 Q37_11 Q37_12 Q41 Q45 Q45_Text Q46_1 Q46_2 Q46_3 Q46_4 Q46_5 Q46_6 Q46_7 Q46_8 Q46_9 Q46_10 Q46_11 Q46_12 Q46_Text Q50 Q52 Q52a Q52b Q52c Q52_chart Q49_1 Q49_2 Q49_3 Q49_4 Q49_5 Q49_6 Q49_Refused Q49a_1 Q49a_2 Q49a_3 Q49a_4 Q49a_5 Q49a_6 Q49a_Refused,banking
Provider Host_Organization Building Street City Borough Postcode Site_Location_Address Days_Open Hours Language_s Telephone Council_District Community_Board BBL NTA X_Coordinates Y_Coordinates Latitude Longitude Census_Tract BIN Location,banking
Sub_Boro_Name Borough FIPS Unbanked_2011 Underbanked_2011 Unbanked_2013 Underbanked_2013 Prepaid_2011 Prepaid_2013 perc_Foreign_born_2011 perc_Poor_2011 Median_Income_2011 Unemployment_2011 perc_Poor_2013 perc_Foreign_born_2013 Median_income_2013 Unemployment_2013,banking
X Y NAME ADDRESS ZIPCODE WARD ID MAR_ID XCOORD YCOORD GIS_ID CREATOR CREATED EDITOR EDITED GLOBALID OBJECTID,banking
id risk_flag,banking
RowNumber CustomerId Surname CreditScore Geography Gender Age Tenure Balance NumOfProducts HasCrCard IsActiveMember EstimatedSalary Exited,banking
ID Income Age Experience Married_Single House_Ownership Car_Ownership Profession CITY STATE CURRENT_JOB_YRS CURRENT_HOUSE_YRS,banking
Index Date Open High Low Close Adj_Close Volume,banking
Region Exchange Index Currency,banking
Index Date Open High Low Close Adj_Close Volume CloseUSD,banking
Age Gender Income Education Marital_Status Number_of_Children Home_Ownership Credit_Score,banking
ID year loan_limit Gender approv_in_adv loan_type loan_purpose Credit_Worthiness open_credit business_or_commercial loan_amount rate_of_interest Interest_rate_spread Upfront_charges term Neg_ammortization interest_only lump_sum_payment property_value construction_type occupancy_type Secured_by total_units income credit_type Credit_Score co_applicant_credit_type age submission_of_application LTV Region Security_Type Status dtir1,banking
variance skewness curtosis entropy class,banking
age job marital education default balance housing loan contact day month duration campaign pdays previous poutcome y,banking
FREQ Frequency L_MEASURE Measure L_POSITION Balance_sheet_position L_INSTR Type_of_instruments L_DENOM Currency_denomination L_CURR_TYPE Currency_type_of_reporting_country L_PARENT_CTY Parent_country L_REP_BANK_TYPE Type_of_reporting_institutions L_REP_CTY Reporting_country L_CP_SECTOR Counterparty_sector L_CP_COUNTRY Counterparty_country L_POS_TYPE Position_type TIME_FORMAT Time_Format COLLECTION Collection_Indicator ORG_VISIBILITY Organisation_visibility Series 1977_Q4 1978_Q1 1978_Q2 1978_Q3 1978_Q4 1979_Q1 1979_Q2 1979_Q3 1979_Q4 1980_Q1 1980_Q2 1980_Q3 1980_Q4 1981_Q1 1981_Q2 1981_Q3 1981_Q4 1982_Q1 1982_Q2 1982_Q3 1982_Q4 1983_Q1 1983_Q2 1983_Q3 1983_Q4 1984_Q1 1984_Q2 1984_Q3 1984_Q4 1985_Q1 1985_Q2 1985_Q3 1985_Q4 1986_Q1 1986_Q2 1986_Q3 1986_Q4 1987_Q1 1987_Q2 1987_Q3 1987_Q4 1988_Q1 1988_Q2 1988_Q3 1988_Q4 1989_Q1 1989_Q2 1989_Q3 1989_Q4 1990_Q1 1990_Q2 1990_Q3 1990_Q4 1991_Q1 1991_Q2 1991_Q3 1991_Q4 1992_Q1 1992_Q2 1992_Q3 1992_Q4 1993_Q1 1993_Q2 1993_Q3 1993_Q4 1994_Q1 1994_Q2 1994_Q3 1994_Q4 1995_Q1 1995_Q2 1995_Q3 1995_Q4 1996_Q1 1996_Q2 1996_Q3 1996_Q4 1997_Q1 1997_Q2 1997_Q3 1997_Q4 1998_Q1 1998_Q2 1998_Q3 1998_Q4 1999_Q1 1999_Q2 1999_Q3 1999_Q4 2000_Q1 2000_Q2 2000_Q3 2000_Q4 2001_Q1 2001_Q2 2001_Q3 2001_Q4 2002_Q1 2002_Q2 2002_Q3 2002_Q4 2003_Q1 2003_Q2 2003_Q3 2003_Q4 2004_Q1 2004_Q2 2004_Q3 2004_Q4 2005_Q1 2005_Q2 2005_Q3 2005_Q4 2006_Q1 2006_Q2 2006_Q3 2006_Q4 2007_Q1 2007_Q2 2007_Q3 2007_Q4 2008_Q1 2008_Q2 2008_Q3 2008_Q4 2009_Q1 2009_Q2 2009_Q3 2009_Q4 2010_Q1 2010_Q2 2010_Q3 2010_Q4 2011_Q1 2011_Q2 2011_Q3 2011_Q4 2012_Q1 2012_Q2 2012_Q3 2012_Q4 2013_Q1 2013_Q2 2013_Q3 2013_Q4 2014_Q1 2014_Q2 2014_Q3 2014_Q4 2015_Q1 2015_Q2 2015_Q3 2015_Q4 2016_Q1 2016_Q2 2016_Q3 2016_Q4 2017_Q1 2017_Q2 2017_Q3 2017_Q4 2018_Q1 2018_Q2 2018_Q3 2018_Q4 2019_Q1 2019_Q2 2019_Q3 2019_Q4 2020_Q1 2020_Q2 2020_Q3 2020_Q4 2021_Q1 2021_Q2 2021_Q3 2021_Q4 2022_Q1 2022_Q2 2022_Q3 2022_Q4,banking
Transaction_ID Account_ID Transaction_Type Amount Balance Transaction_Date,banking
age job marital education default housing loan contact month day_of_week duration campaign poutcome,banking
age job marital education default balance housing loan contact day month durations campaign pdays previous poutcome y,banking
Timestamp What_gender_do_you_identify_with Which_race_ethnicity_best_describes_you How_old_are_you Have_you_taken_a_class_at_the_University_of_New_Hampshire_within_the_past_12_months Are_you_a_member_of_Service_Credit_Union_You_are_considered_a_member_of_SCU_if_you_have_at_least_a_savings_account_with_a_balance_of_5 If_you_are_not_a_member_of_Service_Credit_Union_what_is_your_Primary_Financial_Institution I_would_recommend_my_Primary_Financial_Institution_to_a_friend_or_family I_m_only_with_my_Primary_Financial_Institution_because_of_my_family I_know_the_difference_between_a_Bank_and_a_Credit_Union I_have_my_own_Checking_and_Savings_account If_you_have_a_Checking_account_what_is_your_average_balance If_you_have_a_Savings_account_what_is_your_average_balance I_have_a_Credit_card_NOT_a_Debit_card What_makes_you_consider_a_Financial_Institution_worthwhile What_makes_you_consider_a_Financial_Institution_not_worthwhile What_are_your_top_2_preferences_when_choosing_a_Financial_institution What_promotions_from_Service_Credit_Union_seem_interesting_or_worth_looking_into I_felt_comfortable_with_basic_personal_banking_transactions_Basic_personal_banking_transactions_include_depositing_money_withdrawing_money_requesting_a_cashiers_check_writing_a_check_keeping_an_account_in_good_standing_understanding_the_features_fees_of_my_account,banking
age job marital education default housing loan contact month day_of_week duration campaign pdays previous poutcome emp_var_rate cons_price_idx cons_conf_idx euribor3m nr_employed y,banking
No Customer Age City Product Limit Company Segment,banking
checking_status duration credit_history purpose credit_amount savings_status employment installment_commitment personal_status other_parties residence_since property_magnitude age other_payment_plans housing existing_credits job num_dependents own_telephone foreign_worker class,banking
Loan_ID Gender Married Dependents Education Self_Employed ApplicantIncome CoapplicantIncome LoanAmount Loan_Amount_Term Credit_History Property_Area,banking
RowNumber CustomerId Surname CreditScore Geography Gender Age Tenure Balance NumOfProducts HasCrCard IsActiveMember EstimatedSalary Exited,banking
Application_ID Applicant_Name Loan_Amount_USD Annual_Income_USD Credit_Score Approval_Status,banking
credit_policy purpose int_rate installment log_annual_inc dti fico days_with_cr_line revol_bal revol_util inq_last_6mths delinq_2yrs pub_rec not_fully_paid,banking
age job marital education default balance housing loan contact day month duration campaign pdays previous poutcome,banking
Index Employed Bank_Balance Annual_Salary Defaulted,banking
Index Employed Bank_Balance Annual_Salary Defaulted,banking
customer_id credit_score country gender age tenure balance products_number credit_card active_member estimated_salary churn,banking
Creditability Account_Balance Duration_of_Credit_monthly Payment_Status_of_Previous_Credit Purpose Credit_Amount Value_Savings_Stocks Length_of_current_employment Instalment_per_cent Sex_Marital_Status Guarantors Duration_in_Current_address Most_valuable_available_asset Age_years Concurrent_Credits Type_of_apartment No_of_Credits_at_this_Bank Occupation No_of_dependents Telephone Foreign_Worker,banking
age job marital education default housing loan contact month day_of_week duration campaign pdays previous poutcome emp_var_rate cons_price_idx cons_conf_idx euribor3m nr_employed y,banking
id expected_recovery_amount actual_recovery_amount recovery_strategy age sex,banking
Accounting_Control_Number_NumÃ©ro_contrÃ´le_comptable Journal_Voucher_Type_Code_Code_du_type_de_piÃ¨ce_de_journal Fiscal_Year_AnnÃ©e_Fiscale Journal_Voucher_Identifier_Identificateur_de_la_piÃ¨ce_de_journal Accounting_Effective_Date_Date_d_entrÃ©e_en_vigueur_comptable DepartmentNumber_NumÃ©ro_de_MinistÃ¨re Fiscal_Month_Mois_Fiscal Journal_Voucher_Item_Identifier_Identificateur_de_l_item_de_la_piÃ¨ce_de_journal Financial_Coding_Block_Bloc_de_codage_financier Subleger_Account_Identifier_Compte_du_grand_livre_auxiliaire Credit_Debit_Code_Code_CrÃ©dit_DÃ©bit Journal_Voucher_Item_Amount_Montant_de_l_item_de_la_piÃ¨ce_de_journal Control_Data_Type_Type_de_donnÃ©es_de_contrÃ´le Accounting_Summary_Transaction_Line_Count_Sommaire_comptable_transaction_compte_ligne GBS_Control_Number_NumÃ©ro_de_contrÃ´le_du_SBG General_Ledger_Account_Code_Code_du_compte_du_grand_livre_gÃ©nÃ©ral,banking
Age Sex Job Housing Saving_accounts Checking_account Credit_amount Duration Purpose Risk,banking
age job marital education default housing loan contact month day_of_week duration campaign pdays previous poutcome y,banking
age job marital education default balance housing loan contact day month duration campaign pdays previous poutcome deposit,banking
Patient_ID Health_Camp_ID Donation Health_Score,health_care
Rank NCT_Number Title Acronym Status Study_Results Conditions Interventions Outcome_Measures Sponsor_Collaborators Gender Age Phases Enrollment Funded_Bys Study_Type Study_Designs Other_IDs Start_Date Primary_Completion_Date Completion_Date First_Posted Results_First_Posted Last_Update_Posted Locations Study_Documents URL,health_care
Pregnancies Glucose BloodPressure SkinThickness Insulin BMI DiabetesPedigreeFunction Age Outcome,health_care
Outcome Week_End Age_Group Unvaccinated_Rate Vaccinated_Rate Boosted_Rate Crude_Vaccinated_Ratio Crude_Boosted_Ratio Age_Adjusted_Unvaccinated_Rate Age_Adjusted_Vaccinated_Rate Age_Adjusted_Boosted_Rate Age_Adjusted_Vaccinated_Ratio Age_Adjusted_Boosted_Ratio Population_Unvaccinated Population_Vaccinated Population_Boosted Outcome_Unvaccinated Outcome_Vaccinated Outcome_Boosted Age_Group_Min Age_Group_Max,health_care
Week_End Age_Group Race_Ethnicity Population_Size 1st_Dose 1st_Dose_Percent Vaccine_Series_Completed Vaccine_Series_Completed_Percent Boosted Boosted_Percent Bivalent Bivalent_Percent,health_care
Index Carrier Year Service_category Request Code_type Code Description_of_service Number_of_requests_per_code Approval_rate Initially_denied_then_approved_approval_rate Expedited_Avg_response_time Standard_Avg_response_time Extenuating_circumstances_Avg_response_time Expedited_Number_of_requests Standard_Number_of_requests Extenuating_circumstances_Number_of_requests Drug_name Drug_code Drug_brand_names,health_care
mmwr_week week week_start week_end season data_source essence_category respiratory_category visit_type demographic_category demographic_group percent current_week_ending,health_care
X Y NAME ADDRESS WARD SSL TYPE BED_COUNT ADULT_MEDICAL ADULT_MINOR_TRAUMA ADULT_MAJOR_TRAUMA CRITICAL_BURNS OBSTETRICS PEDIATRIC_MEDICAL PEDIATRIC_MAJOR_TRAUMA PEDIATRIC_MINOR_TRAUMA WEB_URL MAR_ID GIS_ID OBJECTID SE_ANNO_CAD_DATA GLOBALID CREATED EDITED,health_care
var cohort label count percent level visn facility,health_care
OBJECTID ZIP LBW Preterm TeenBirth Birth_Rate F1stTriCare Shape__Area Shape__Length,health_care
Date COVID_19_Patients_in_Acute_Care_Beds COVID_19_Patients_in_ICU COVID_19_Pediatric_Patients_in_Acute_Care_Beds COVID_19_Pediatric_Patients_in_ICU Non_COVID_Acute Non_COVID_ICU Capacity_85_Count,health_care
age sex cp trestbps chol fbs restecg thalach exang oldpeak slope ca thal target,health_care
X Y LICENSE_NUMBER NAME ADDRESS PHONE DIRECTOR WARD SSL WEB_URL XCOORD YCOORD LATITUDE LONGITUDE GIS_ID MAR_ID SE_ANNO_CAD_DATA GLOBALID CREATED EDITED OBJECTID,health_care
County Overall_Composite_CY2015 Overall_Composite_CY2014 Overall_Composite_CY2013 Overall_Composite_CY2012 Overall_Composite_CY2011 Overall_Composite_CY2010 Overall_Composite_CY2009 Overall_Composite_CY2008 Acute_Composite_CY2015 Acute_Composite_CY2014 Acute_Composite_CY2013 Acute_Composite_CY2012 Acute_Composite_CY2011 Acute_Composite_CY2010 Acute_Composite_CY2009 Acute_Composite_CY2008 Chronic_Composite_CY2015 Chronic_Composite_CY2014 Chronic_Composite_CY2013 Chronic_Composite_CY2012 Chronic_Composite_CY2011 Chronic_Composite_CY2010 Chronic_Composite_CY2009 Chronic_Composite_CY2008,health_care
VISN VISN_Name Facility_Name City Station ST Station_1 Complexity Risk_Standardized_Mortality_Rate_Pneumonia Risk_Standardized_Mortality_Rate_Heart_Failure Risk_Standardized_Mortality_Rate_Acute_Myocardial_Infarction Nosocomial_Infections_Ventilator_Associated_Infections Nosocomial_Infections_Central_Line_Associated_Bacteremia DVT_Mechanical_Ventilation DVT_Medical_ICU OMELOS,health_care
Facility Community_Area_# Phone FQHC_Look_alike_or_Neither_Special_Notes Address,health_care
ReportDate Acute ICU Total AdultAcutePatients AdultICUPatients AdultPatientsTotal PedsAcutePatients PedsICUPatients PedsPatientsTotal,health_care
Years Historical_Data National_Average,health_care
X Y OBJECTID CATEGORIES_OF_SERVICE ORGANIZATION FULL_ADDRESS WEBSITE EMAIL PHONE SERVICE_AVAILABLE_TO ADDITIONAL_SERVICES_MAYINCLUDE DESCRIPTION_OF_SERVICE ZIPCODE MAR_MATCHADDRESS MAR_XCOORD MAR_YCOORD MAR_LATITUDE MAR_LONGITUDE MAR_WARD MAR_CENSUS_TRACT MAR_ZIPCODE MARID MAR_ERROR MAR_SCORE MAR_SOURCEOPERATION MAR_IGNORE,health_care
mmwr_week week week_start week_end season pathogen siteno sitename year target_wkavg_concentration conc_toplot wkavg_val wkavg_val_category row_id,health_care
Request_type Request_detail Year Month Count,health_care
X Y NAME ADDRESS ADDRESS_2 CITY STATE ZIPCODE PHONE HOURS_OPERATION WEB_URL WARD CENSUS_TRACT MAR_ID GIS_ID XCOORD YCOORD LATITUDE LONGITUDE SE_ANNO_CAD_DATA GLOBALID CREATED EDITED OBJECTID,health_care
Group State Subgroup Phase Time_Period Time_Period_Label Time_Period_Start_Date Time_Period_End_Date Value LowCI HighCI Confidence_Interval Quartile_Range,health_care
County_Code Record_ID Legal_Name Facility_Name Physical_Address Physical_Address_2 Mailing_Address Mailing_Address_2 Physical_City Mailing_City Physical_State Mailing_State Physical_Zip Mailing_Zip Facility_Phone Type_of_Application Service_Type Client_Patient_Capacity Expiration_Date Target_Population,health_care
Center_Name Legal_Name Building Street Borough ZipCode Phone Permit_Number Permit_Expiration Status Age_Range Maximum_Capacity Day_Care_ID Program_Type Facility_Type Child_Care_Type Building_Identification_Number URL Date_Permitted Actual Violation_Rate_Percent Average_Violation_Rate_Percent Total_Educational_Workers Average_Total_Educational_Workers Public_Health_Hazard_Violation_Rate Average_Public_Health_Hazard_Violation_Rate Critical_Violation_Rate Average_Critical_Violation_Rate Inspection_Date Regulation_Summary Violation_Category Health_Code_Sub_Section Violation_Status Inspection_Summary_Result,health_care
OBJECTID_1 ZIPCODE population_count WITHOUT_LTC load_dt,health_care
VISN VISN_Name Facility_Name City Station ST Station_1 Complexity In_House_Services_Acute_Med_Surg In_House_Services_Acute_Mental_Health In_House_Services_Intensive_Care_Unit In_House_Services_Emergency_Dept In_House_Services_Nursing_Home_Unit Joint_Commission_Accreditation CARF_Accreditation Acute_Inpatient_Med_Surg_Hospital_Admissions Acute_Inpatient_Med_Surg_Hospital_Admissions_per_1_000_Uniques Acute_Inpatient_Med_Surg_ALOS Acute_Inpatient_Mental_Health_Hospital_Admissions Acute_Inpatient_Mental_Health_Hospital_Admissions_per_1_000_Uniques Acute_Inpatient_Mental_Health_ALOS Total_Outpatient_Visits Unique_Patients Medical_Center_Staffing_MD_FTEE_per_1_000_Uniques Medical_Center_Staffing_RN_FTEE_per_1_000_Uniques Medical_Center_Staffing_Total_FTEE_per_1_000_Uniques Registered_Nurses_FTEE Rate_1000_Unique_Pts Total_FTEE Total_FTEE_per_1_000_Uniques,health_care
Date Total_Doses_Daily Total_Doses_Cumulative 1st_Dose_Daily 1st_Dose_Cumulative 1st_Dose_Percent_Population Vaccine_Series_Completed_Daily Vaccine_Series_Completed_Cumulative Vaccine_Series_Completed_Percent_Population Booster_Daily Booster_Cumulative Booster_Percent_Population Bivalent_Daily Bivalent_Cumulative Bivalent_Percent_Population Total_Doses_Daily_Age_0_17 Total_Doses_Daily_Age_18_29 Total_Doses_Daily_Age_30_39 Total_Doses_Daily_Age_40_49 Total_Doses_Daily_Age_50_59 Total_Doses_Daily_Age_60_69 Total_Doses_Daily_Age_70_79 Total_Doses_Daily_Age_80+ Total_Doses_Daily_Age_0_4 Total_Doses_Daily_Age_5_11 Total_Doses_Daily_Age_12_17 Total_Doses_Daily_Age_5+ Total_Doses_Daily_Age_12+ Total_Doses_Daily_Age_18+ Total_Doses_Daily_Age_65+ Total_Doses_Daily_Age_75+ Total_Doses_Daily_Unknown_Age Total_Doses_Daily_Female Total_Doses_Daily_Male Total_Doses_Daily_Unknown_Gender Total_Doses_Daily_Latinx Total_Doses_Daily_Asian_Non_Latinx Total_Doses_Daily_Black_Non_Latinx Total_Doses_Daily_White_Non_Latinx Total_Doses_Daily_American_Indian_Alaska_Native_Non_Latinx Total_Doses_Daily_Pacific_Islander_Hawaiian_Native_Non_Latinx Total_Doses_Daily_Other_Non_Latinx Total_Doses_Daily_Unknown_Race_Ethnicity 1st_Dose_Daily_Age_0_17 1st_Dose_Daily_Age_18_29 1st_Dose_Daily_Age_30_39 1st_Dose_Daily_Age_40_49 1st_Dose_Daily_Age_50_59 1st_Dose_Daily_Age_60_69 1st_Dose_Daily_Age_70_79 1st_Dose_Daily_Age_80+ 1st_Dose_Daily_Age_0_4 1st_Dose_Daily_Age_5_11 1st_Dose_Daily_Age_12_17 1st_Dose_Daily_Age_5+ 1st_Dose_Daily_Age_12+ 1st_Dose_Daily_Age_18+ 1st_Dose_Daily_Age_65+ 1st_Dose_Daily_Age_75+ 1st_Dose_Daily_Unknown_Age 1st_Dose_Daily_Female 1st_Dose_Daily_Male 1st_Dose_Daily_Unknown_Gender 1st_Dose_Daily_Latinx 1st_Dose_Daily_Asian_Non_Latinx 1st_Dose_Daily_Black_Non_Latinx 1st_Dose_Daily_White_Non_Latinx 1st_Dose_Daily_American_Indian_Alaska_Native_Non_Latinx 1st_Dose_Daily_Pacific_Islander_Hawaiian_Native_Non_Latinx 1st_Dose_Daily_Other_Race_Non_Latinx 1st_Dose_Daily_Unknown_Race_Ethnicity Vaccine_Series_Completed_Daily_Age_0_17 Vaccine_Series_Completed_Daily_Age_18_29 Vaccine_Series_Completed_Daily_Age_30_39 Vaccine_Series_Completed_Daily_Age_40_49 Vaccine_Series_Completed_Daily_Age_50_59 Vaccine_Series_Completed_Daily_Age_60_69 Vaccine_Series_Completed_Daily_Age_70_79 Vaccine_Series_Completed_Daily_Age_80+ Vaccine_Series_Completed_Daily_Age_0_4 Vaccine_Series_Completed_Daily_Age_5_11 Vaccine_Series_Completed_Daily_Age_12_17 Vaccine_Series_Completed_Daily_Age_5+ Vaccine_Series_Completed_Daily_Age_12+ Vaccine_Series_Completed_Daily_Age_18+ Vaccine_Series_Completed_Daily_Age_65+ Vaccine_Series_Completed_Daily_Age_75+ Vaccine_Series_Completed_Daily_Unknown_Age Vaccine_Series_Completed_Daily_Female Vaccine_Series_Completed_Daily_Male Vaccine_Series_Completed_Daily_Unknown_Gender Vaccine_Series_Completed_Daily_Latinx Vaccine_Series_Completed_Daily_Asian_Non_Latinx Vaccine_Series_Completed_Daily_Black_Non_Latinx Vaccine_Series_Completed_Daily_White_Non_Latinx Vaccine_Series_Completed_Daily_American_Indian_Alaska_Native_Non_Latinx Vaccine_Series_Completed_Daily_Pacific_Islander_Hawaiian_Native_Non_Latinx Vaccine_Series_Completed_Daily_Other_Race_Non_Latinx Vaccine_Series_Completed_Daily_Unknown_Race_Ethnicity Booster_Daily_Age_0_17 Booster_Daily_Age_18_29 Booster_Daily_Age_30_39 Booster_Daily_Age_40_49 Booster_Daily_Age_50_59 Booster_Daily_Age_60_69 Booster_Daily_Age_70_79 Booster_Daily_Age_80+ Booster_Daily_Age_0_4 Booster_Daily_Age_5_11 Booster_Daily_Age_12_17 Booster_Daily_Age_5+ Booster_Daily_Age_12+ Booster_Daily_Age_18+ Booster_Daily_Age_65+ Booster_Daily_Age_75+ Booster_Daily_Unknown_Age Booster_Daily_Female Booster_Daily_Male Booster_Daily_Unknown_Gender Booster_Daily_Latinx Booster_Daily_Asian_Non_Latinx Booster_Daily_Black_Non_Latinx Booster_Daily_White_Non_Latinx Booster_Daily_American_Indian_Alaska_Native_Non_Latinx Booster_Daily_Pacific_Islander_Hawaiian_Native_Non_Latinx Booster_Daily_Other_Race_Non_Latinx Booster_Daily_Unknown_Race_Ethnicity Bivalent_Daily_Age_0_17 Bivalent_Daily_Age_18_29 Bivalent_Daily_Age_30_39 Bivalent_Daily_Age_40_49 Bivalent_Daily_Age_50_59 Bivalent_Daily_Age_60_69 Bivalent_Daily_Age_70_79 Bivalent_Daily_Age_80+ Bivalent_Daily_Age_0_4 Bivalent_Daily_Age_5_11 Bivalent_Daily_Age_12_17 Bivalent_Daily_Age_5+ Bivalent_Daily_Age_12+ Bivalent_Daily_Age_18+ Bivalent_Daily_Age_65+ Bivalent_Daily_Age_75+ Bivalent_Daily_Unknown_Age Bivalent_Daily_Female Bivalent_Daily_Male Bivalent_Daily_Unknown_Gender Bivalent_Daily_Latinx Bivalent_Daily_Asian_Non_Latinx Bivalent_Daily_Black_Non_Latinx Bivalent_Daily_White_Non_Latinx Bivalent_Daily_American_Indian_Alaska_Native_Non_Latinx Bivalent_Daily_Pacific_Islander_Hawaiian_Native_Non_Latinx Bivalent_Daily_Other_Non_Latinx Bivalent_Daily_Unknown_Race_Ethnicity,health_care
Year Date_submitted Political_subdivision Email Phone First_name Last_name,health_care
Year Historical_Data Target,health_care
Geometry Equity_Zone Shape_Length Shape_Area,health_care
VISN Site_# Site FY10 FY11 FY12 FY13 FY14,health_care
X Y OBJECTID CATEGORIES_OF_SERVICE ORGANIZATION FULL_ADDRESS WEBSITE EMAIL PHONE SERVICE_AVAILABLE_TO ADDITIONAL_SERVICES_MAYINCLUDE DESCRIPTION_OF_SERVICE ZIPCODE MAR_MATCHADDRESS MAR_XCOORD MAR_YCOORD MAR_LATITUDE MAR_LONGITUDE MAR_WARD MAR_CENSUS_TRACT MAR_ZIPCODE MARID MAR_ERROR MAR_SCORE MAR_SOURCEOPERATION MAR_IGNORE,health_care
age sex cp trestbps chol fbs restecg thalach exang oldpeak slope ca thal target,health_care
Zip Week_End Season Age_Group Population_Size Count Percent ZIP_Code_centroid MMWR_Week Week Current_Season_Week_End,health_care
X Y OBJECTID CATEGORIES_OF_SERVICE ORGANIZATION FULL_ADDRESS WEBSITE EMAIL PHONE SERVICE_AVAILABLE_TO ADDITIONAL_SERVICES_MAYINCLUDE DESCRIPTION_OF_SERVICE ZIPCODE MAR_MATCHADDRESS MAR_XCOORD MAR_YCOORD MAR_LATITUDE MAR_LONGITUDE MAR_WARD MAR_CENSUS_TRACT MAR_ZIPCODE MARID MAR_ERROR MAR_SCORE MAR_SOURCEOPERATION MAR_IGNORE,health_care
Vulnerable_population Section Long_title Short_title Group Group1 Subgroup Mental_Illness Value,health_care
OBJECTID NAME GIS_ID WARD_ID LEAD_ID GLOBALID CREATOR CREATED EDITOR EDITED SHAPEAREA SHAPELEN,health_care
X Y OBJECTID CATEGORIES_OF_SERVICE ORGANIZATION FULL_ADDRESS WEBSITE EMAIL PHONE SERVICE_AVAILABLE_TO ADDITIONAL_SERVICES_MAYINCLUDE DESCRIPTION_OF_SERVICE ZIPCODE MAR_MATCHADDRESS MAR_XCOORD MAR_YCOORD MAR_LATITUDE MAR_LONGITUDE MAR_WARD MAR_CENSUS_TRACT MAR_ZIPCODE MARID MAR_ERROR MAR_SCORE MAR_SOURCEOPERATION MAR_IGNORE,health_care
Year Date_submitted Political_subdivision Zip_code,health_care
OBJECTID State StateID Under18_Tot Under5_Tot Under5_ER Under5_Hosp FivePlus_Tot FivePlus_ER Tot_ER_Visits Tot_Hosp_Visits AsthmaCt Diabetes1Ct Diabetes2Ct DiabetesOtherCt geoid PctUndr5ER PctOvr5ER PctAsthma PctDiabetes Shape__Area Shape__Length,health_care
OBJECTID GEOID Under18_Tot Under5_Tot Under5_ER Under5_Hosp FivePlus_Tot FivePlus_ER Tot_ER_Visits Tot_Hosp_Visits AsthmaCt Diabetes1Ct Diabetes2Ct DiabetesOtherCt PctUndr5ER PctOvr5ER PctAsthma PctDiabetes Shape__Area Shape__Length,health_care
OBJECTID MSAName GEOIDMSA Under18_Tot Under5_Tot Under5_ER Under5_Hosp FivePlus_Tot FivePlus_ER Tot_ER_Visits Tot_Hosp_Visits AsthmaCt Diabetes1Ct Diabetes2Ct DiabatesOtherCt PctUndr5ER PctOvr5ER PctAsthma PctDiabetes Shape__Area Shape__Length,health_care
License_Number Hospital_Name Year Quarter Submitted_Applications Completed_Applications Approved_Applications,health_care
Patient_ID Health_Camp_ID Donation Health_Score,health_care
X Y OBJECTID CATEGORIES_OF_SERVICE ORGANIZATION FULL_ADDRESS WEBSITE EMAIL PHONE SERVICE_AVAILABLE_TO ADDITIONAL_SERVICES_MAYINCLUDE DESCRIPTION_OF_SERVICE ZIPCODE MAR_MATCHADDRESS MAR_XCOORD MAR_YCOORD MAR_LATITUDE MAR_LONGITUDE MAR_WARD MAR_CENSUS_TRACT MAR_ZIPCODE MARID MAR_ERROR MAR_SCORE MAR_SOURCEOPERATION MAR_IGNORE,health_care
defect_id product_id defect_type defect_date defect_location severity inspection_method repair_cost,manufacturing
Production_ID Date Product_Type Machine_ID Shift Units_Produced Defects Production_Time_Hours Material_Cost_Per_Unit Labour_Cost_Per_Hour Energy_Consumption_kWh Operator_Count Maintenance_Hours Down_time_Hours Production_Volume_Cubic_Meters Scrap_Rate Rework_Hours Quality_Checks_Failed Average_Temperature_C Average_Humidity_Percent,manufacturing
ProductionVolume ProductionCost SupplierQuality DeliveryDelay DefectRate QualityScore MaintenanceHours DowntimePercentage InventoryTurnover StockoutRate WorkerProductivity SafetyIncidents EnergyConsumption EnergyEfficiency AdditiveProcessTime AdditiveMaterialCost DefectStatus,manufacturing
Timestamp Machine_ID Operation_Mode Temperature_C Vibration_Hz Power_Consumption_kW Network_Latency_ms Packet_Loss_perc Quality_Control_Defect_Rate_perc Production_Speed_units_per_hr Predictive_Maintenance_Score Error_Rate_perc Efficiency_Status,manufacturing
date quarter department day team targeted_productivity smv wip over_time incentive idle_time idle_men no_of_style_change no_of_workers actual_productivity,manufacturing
Temperature_C Pressure_kPa Temperature_x_Pressure Material_Fusion_Metric Material_Transformation_Metric Quality_Rating,manufacturing
EV_Maker Place State,manufacturing
Month_year CPI Interest_Rates Exchange_Rates Product Unit_of_Quantity Production,manufacturing
Timestamp Current_Temperature_C Setpoint_Temperature_C Temperature_Error_C PID_Control_Output_perc Fuzzy_PID_Control_Output_perc Overshoot_C Response_Time_s Steady_State_Error_C Ambient_Temperature_C Humidity_perc PID_Kp PID_Ki PID_Kd Fuzzy_Rule_Base_Parameters,manufacturing
Machine_ID Temp_C Vibration_mm_s Pressure_Bar Acoustic_dB Inspection_Duration_min Downtime_Cost_USD Technician_Availability_pct Failure_Prob Maintenance_Priority,manufacturing
Production_Order_ID Product_ID Scheduled_Start Scheduled_End Actual_Start Actual_End Status,manufacturing
Machine_ID Operational_Hours Idle_Hours Maintenance_Hours Downtime_Hours Units_Produced,manufacturing
Batch_ID Material_ID Quantity Batch_Start Batch_End Temperature Pressure,manufacturing
Workstation_ID Operator_ID Shift_Date Shift_Type Output_Count Defects_Count,manufacturing
Part_ID Inspection_Date Inspector_ID Defect_Type Severity Resolution,manufacturing
Order_ID Line_Item Product_ID Quantity Unit_Cost Total_Cost,manufacturing
Supply_ID Material_Type Quantity_Received Received_Date Supplier_ID Unit_Price,manufacturing
Resource_ID Utilization_Percent Date Shift Resource_Type,manufacturing
Machine_ID Vibration_Level Temperature Lubricant_Level Maintenance_Flag,manufacturing
Energy_Consumption_kWh Date Machine_ID Shift Units_Produced,manufacturing
Lab_Test_ID Sample_ID Test_Date PH_Value Conductivity Result_Flag,manufacturing
Calibration_ID Machine_ID Calibration_Date Calibration_Result Technician_ID,manufacturing
Order_ID Planned_Duration Actual_Duration Delay_Minutes Delay_Reason,manufacturing
Worker_ID Safety_Incident_Type Incident_Date Injury_Flag Lost_Time_Hours,manufacturing
Maintenance_ID Machine_ID Maintenance_Type Start_Date End_Date Cost,manufacturing
Tool_ID Tool_Type Usage_Hours Last_Inspection_Date Condition_Status,manufacturing
Product_ID Grade Test_Result Test_Date Inspector_ID,manufacturing
Shift_ID Machine_ID Operator_ID Shift_Start Shift_End Output_Count,manufacturing
Vendor_ID Material_ID Delivery_Date Quantity Quality_Flag Received_By,manufacturing
Warehouse_ID Stock_Date Material_ID Quantity_On_Hand Reorder_Level,manufacturing
Customer_Order_ID Dispatch_Date Carrier Delivery_Status Delivery_Date,manufacturing
Inventory_ID Product_ID Counted_Quantity Count_Date Auditor_ID,manufacturing
Product_ID Return_Date Returned_Quantity Return_Reason Customer_ID,manufacturing
Environmental_ID Timestamp Temperature Humidity Air_Quality_Index,manufacturing
Waste_ID Waste_Type Waste_Weight_kg Disposal_Method Disposal_Date,manufacturing
Packaging_ID Product_ID Package_Type Packed_Date Packed_By,manufacturing
Shipment_ID Order_ID Shipment_Date Carrier Tracking_Number Status,manufacturing
Downtime_ID Machine_ID Start_Time End_Time Downtime_Reason,manufacturing
Process_ID Step_Name Step_Duration_sec Operator_ID Machine_ID,manufacturing
Experiment_ID Parameter Value Run_Date Result,manufacturing
Product_ID Barcode Scan_Date Location Scanner_ID,manufacturing
Audit_ID Audit_Type Audit_Date Auditor_ID Outcome,manufacturing
Capacity_ID Machine_ID Max_Capacity Current_Load Date,manufacturing
Order_ID Scheduled_Prod_Volume Actual_Prod_Volume Variance Variance_Reason,manufacturing
Sensor_ID Reading_Time Temperature Pressure Humidity,manufacturing
Cost_Center_ID Expense_Type Amount Date Approver_ID,manufacturing
Compliance_ID Regulation Compliance_Date Status Audited_By,manufacturing
Machine_ID Error_Code Error_Count Error_Date Resolved,manufacturing
Product_ID Forecast_Date Forecasted_Sales Actual_Sales Forecast_Error,manufacturing
Training_ID Model_Type Training_Date Accuracy Loss,manufacturing
Name Price Score Rating SIM Network Processor RAM Battery Display Camera Card,ecommerce
customer_id first_name last_name gender age date_of_birth month_of_birth year_of_birth email phone address city state ZIP latitude longitude,ecommerce
Clothing_ID Age Title Review_Text Rating Recommended_IND Positive_Feedback_Count Division_Name Department_Name Class_Name,ecommerce
Address Lot AM_or_PM Browser_Info Company Credit_Card CC_Exp_Date CC_Security_Code CC_Provider Email Job IP_Address Language Purchase_Price,ecommerce
Email Address Avatar Time_on_App Time_on_Website Length_of_Membership Yearly_Amount_Spent,ecommerce
User_ID Age Gender Location Income Interests Last_Login_Days_Ago Purchase_Frequency Average_Order_Value Total_Spending Product_Category_Preference Time_Spent_on_Site_Minutes Pages_Viewed Newsletter_Subscription,ecommerce
order_id order_date sku color size unit_price quantity revenue,ecommerce
Product_Name Product_Price Product_Sold Product_Place Product_Category Product_Subcategory,ecommerce
account_length location_code user_id credit_card_info_save push_status add_to_wishlist desktop_sessions app_sessions desktop_transactions total_product_detail_views session_duration promotion_clicks avg_order_value sale_product_views discount_rate_per_visited_products product_detail_view_per_app_session app_transactions add_to_cart_per_session customer_service_calls churn,ecommerce
Product_ID Product_Name Product_Type SKU Stock_Status Price Discount,ecommerce
Order_ID User_ID Product_ID Quantity Shipping_Cost Delivery_Status Date_Ordered,ecommerce
Review_ID User_ID Product_ID Review_Rating Review_Title Review_Text Submission_Date,ecommerce
User_ID Search_Term Search_Date Click_Product_ID Click_Rank,ecommerce
Cart_ID User_ID Product_ID Added_Date Cart_Quantity Cart_Status,ecommerce
Wishlist_ID User_ID Product_ID Date_Added Priority_Level,ecommerce
Shipping_ID Order_ID Carrier Tracking_Number Shipping_Date Delivery_Date Status,ecommerce
Payment_ID Order_ID Amount Method Currency Payment_Status,ecommerce
User_ID Country Region Language Preferred_Currency,ecommerce
Product_ID Color Size Weight Dimensions Material,ecommerce
Transaction_ID User_ID Timestamp Product_ID Event_Type,ecommerce
Return_ID Order_ID Return_Reason Return_Date Refund_Amount,ecommerce
Inventory_ID Product_ID Warehouse_ID Stock_Level Reorder_Threshold,ecommerce
Supplier_ID Supplier_Name Contact_Info Product_Supplied Lead_Time,ecommerce
Promotion_ID Promotion_Name Discount_Rate Valid_From Valid_To,ecommerce
Coupon_Code Discount_Type Minimum_Spend Expiry_Date Used_Times,ecommerce
Feedback_ID User_ID Message Submitted_On Status,ecommerce
Subscription_ID User_ID Plan_Name Start_Date End_Date Auto_Renew,ecommerce
User_ID Device_Type Operating_System Browser App_Used,ecommerce
Product_ID Video_URL Image_URL Thumbnail_URL,ecommerce
Session_ID User_ID Page_URL Duration_Seconds Action_Taken,ecommerce
Ticket_ID Customer_ID Issue_Type Reported_Date Resolution_Time,ecommerce
Affiliate_ID User_ID Referral_Code Commission_Earned,ecommerce
Campaign_ID Ad_Type Impressions Clicks Conversions,ecommerce
Gift_Card_ID Code Balance Issued_Date Expiry_Date,ecommerce
Survey_ID User_ID Survey_Questions Answers Submitted_On,ecommerce
Notification_ID User_ID Notification_Type Sent_At Read_Status,ecommerce
Product_ID FAQ_Question FAQ_Answer,ecommerce
Catalog_ID Product_Count Category Last_Updated,ecommerce
Offer_ID Offer_Name Offer_Type Start_Date End_Date Applicable_Products,ecommerce
User_ID Login_Time Logout_Time Session_Duration Device_Used,ecommerce
Product_ID Price_History_Date Old_Price New_Price Price_Change_Reason,ecommerce
Order_ID Packaging_Type Packaging_Cost Eco_Friendly,ecommerce
Vendor_ID Vendor_Name Contract_Start Contract_End Vendor_Rating,ecommerce
Product_ID Sustainability_Score Carbon_Footprint Eco_Certifications,ecommerce
User_ID Reward_Points_Earned Reward_Points_Redeemed Current_Balance,ecommerce
Product_ID In_Stock Out_of_Stock_Date Back_In_Stock_Date,ecommerce
User_ID Location_ID Beacon_Interaction Interaction_Time,ecommerce
Product_ID AR_Model_Link AR_View_Count User_Engagement_Score,ecommerce
User_ID App_Feature_Used Usage_Count Last_Used_Timestamp,ecommerce
EmployeeID FirstName LastName BirthDate HireDate JobRole,employee
EmpNo FirstName LastName MiddleInitial WorkDept Job EDLevel,employee
EmployeeID Position DateOfHire YearsAtCompany MonthlyIncome OverTime,employee
EmployeeID MaritalStatus JobRole EducationField MonthlyIncome JobLevel JobSatisfaction EnvironmentSatisfaction Attrition,employee
EmployeeNumber JobTitle StoreLocation BusinessUnit Division LengthOfService,employee
EmployeeID EmployeeName JobRole MonthlyIncome StockOptionLevel PerformanceRating YearsAtCompany YearsInCurrentRole,employee
EmpID FirstName LastName DateHired JobTitle ManagerName AnnualSalary StockOptionLevel Attrition,employee
EmployeeID Education JobRole MonthlyIncome OverTime PercentSalaryHike JobLevel,employee
EmployeeID Position DateOfHire JobSatisfaction WorkLifeBalance TotalWorkingYears TrainingTimesLastYear Attrition,employee
EmployeeID DistanceFromHome NumCompaniesWorked TotalWorkingYears Attrition,employee
EmployeeID Role ManagerID HireDate YearsAtCompany MonthlyIncome JobInvolvement PerformanceRating YearsSinceLastPromotion,employee
EmployeeID DOB MaritalStatus Education JobLevel JobRole MonthlyIncome,employee
EmployeeID FirstName LastName JobRole HireDate Attrrition MonthlyIncome DistanceFromHome NumCompaniesWorked,employee
EmpID Surname GivenName DOB HireDate JobRole MonthlyIncome YearsAtCompany Attrition,employee
Position StartDate Manager YearsWithCompany PerformanceRating,employee
EmployeeID EducationField JobLevel JobRole MonthlyIncome OverTime PercentSalaryHike TotalWorkingYears,employee
EmployeeID FullName MaritalStatus JobRole MonthlyIncome DistanceFromHome TrainingTimesLastYear,employee
EmployeeID JobRole Manager HireDate YearsSinceLastPromotion YearsAtCompany StockOptionLevel Attrition,employee
EmployeeID JobRole MonthlyIncome TotalWorkingYears YearsAtCompany WorkLifeBalance JobSatisfaction Attrition,employee
EmpID FirstName LastName Education JobRole HourlyRate MonthlyIncome OverTime Attrition,employee
EmployeeID Position HireDate YearsAtCompany JobLevel PerformanceRating StockOptionLevel Attrition,employee
EmpID FullName DOB DateHired JobRole DepartmentID AnnualSalary,employee
EmployeeID Manager JobRole HireDate TotalWorkingYears YearsInCurrentRole Attrition PerformanceRating,employee
EmployeeID JobRole StockOptionLevel TrainingTimesLastYear YearsAtCompany Attrition JobInvolvement,employee
EmployeeID JobRole MonthlyIncome PercentSalaryHike WorkLifeBalance JobSatisfaction Attrition,employee
EmployeeNumber FirstName LastName JobRole HireDate Education MonthlyIncome Attrition YearsAtCompany,employee
EmployeeID JobRole MonthlyIncome OverTime TotalWorkingYears YearsAtCompany Attrition PerformanceRating,employee
EmployeeID FullName DOB JobRole MonthlyIncome StockOptionLevel Attrition TrainingTimesLastYear,employee
EmployeeID JobRole MonthlyIncome PerformanceRating YearsAtCompany Attrition,employee
EmployeeID Manager JobRole HireDate TotalWorkingYears MonthlyIncome Attrition JobSatisfaction,employee
EmployeeID JobRole MonthlyIncome YearsAtCompany TrainingTimesLastYear Attrition PerformanceRating,employee
EmpID DOB JobRole HireDate MonthlyIncome Attrition YearsAtCompany,employee
Transaction_ID Account_ID Account_Name Debit_USD Credit_USD Balance_USD Description Subcategory Transaction_Type Branch_ID Posted_By,finance
Journal_Entry_ID Entry_Date Account_Debit Account_Credit Amount_USD Exchange_Rate Converted_Amount Reference_No Period Posted_Date Approved_By Approval_Date,finance
Invoice_ID Invoice_Date Customer_ID Customer_Name Subtotal_USD Tax_USD Total_USD Due_Date Payment_Terms Sales_Rep_ID PO_Number Discount_USD,finance
Payment_ID Payment_Date Invoice_ID Vendor_ID Vendor_Name Amount_USD Payment_Method Bank_Account Transaction_Fee_USD Cleared_Flag Cleared_Date Reference,finance
Account_ID Account_Name Account_Type Opening_Balance_USD Current_Balance_USD Credit_Limit_USD Date_Created Date_Closed Customer_ID Branch_ID Manager_ID,finance
Ledger_ID Ledger_Name Period_Start Period_End Total_Debits Total_Credits Net_Change Opening_Balance Closing_Balance Prepared_By Prepared_Date Checked_By Checked_Date,finance
Budget_ID Department_ID Fiscal_Year Budgeted_Amount_USD Actual_Amount_USD Variance_USD Variance_perc Approved_By Approval_Date Created_By Created_Date Subcategory,finance
Expense_Report_ID Employee_ID Report_Date Expense_Date Expense_Type Amount_USD Payment_Method Receipt_Flag Project_Code Cost_Center Approved_By Approval_Date Reimbursed_Flag,finance
Payroll_ID Employee_ID Pay_Period_Start Pay_Period_End Gross_Pay_USD Taxes_USD Net_Pay_USD Deductions_USD Pay_Date Payment_Method Bank_Account Position,finance
Loan_ID Loan_Type Borrower_ID Borrower_Name Principal_Amount_USD Interest_Rate_perc Term_Months Maturity_Date Outstanding_Balance Collateral Officer_ID,finance
Credit_Card_Transaction_ID Card_Number Transaction_Date Merchant_Name Amount_USD MCC Cardholder_ID Post_Date Authorization_Code Terminal_ID,finance
Investment_ID Investor_ID Instrument_Type Ticker Units Purchase_Date Purchase_Price_USD Current_Price_USD Market_Value_USD Cost_Basis_USD Unrealized_Gain_Loss_USD Realized_Gain_Loss_USD Portfolio_ID,finance
Mortgage_ID Property_ID Borrower_ID Origination_Date Loan_Amount_USD Interest_Rate_perc Term_Years Monthly_Payment_USD Outstanding_Principal Servicer_ID Next_Payment_Date Prepayment_Flag,finance
Trade_ID Trade_Date Account_ID Instrument Buy_Sell Quantity Price_USD Trade_Value_USD Broker_ID Commission_USD Settlement_Date Exchange,finance
FX_Transaction_ID Trade_Date Base_Currency Quote_Currency Base_Amount Quote_Amount Exchange_Rate Spot_Forward Settlement_Date Transaction_Type Counterparty_ID Trader_ID Currency_Pair,finance
Risk_ID Risk_Type Assessment_Date Probability_perc Impact_USD Risk_Score Mitigation_Action Owner_ID Review_Date Last_Updated Subcategory Priority,finance
Compliance_ID Audit_Date Audit_Type Regulation Findings Severity Corrective_Action Responsible_Party Due_Date Completed_Flag Completion_Date Auditor_ID Reviewer_ID,finance
Cash_Flow_ID Period_Start Period_End Operating_CF_USD Investing_CF_USD Financing_CF_USD Net_Cash_Flow_USD Opening_Cash_USD Closing_Cash_USD Prepared_By Prepared_Date Approved_By Approval_Date,finance
Balance_Sheet_ID Report_Date Total_Assets_USD Total_Liabilities_USD Equity_USD Current_Assets Current_Liabilities Fixed_Assets Long_Term_Debt Prepared_By Reviewed_By Review_Date,finance
Income_Statement_ID Period_Start Period_End Revenue_USD Cost_of_Goods_Sold_USD Gross_Profit_USD Operating_Expenses_USD Operating_Income_USD Net_Income_USD Prepared_By Prepared_Date Approved_By Approval_Date,finance
Tax_Return_ID Filing_Year Entity_ID Taxable_Income_USD Tax_Due_USD Tax_Paid_USD Refund_USD Filing_Date Due_Date Preparer_ID Preparer_Name Jurisdiction,finance
Insurance_Policy_ID Policy_Number Client_ID Policy_Type Premium_USD Coverage_Amount_USD Beneficiary_ID Agent_ID Underwriter_ID Renewal_Flag,finance
Claim_ID Claim_Date Policy_Number Claimant_ID Claim_Type Claim_Amount_USD Approved_Amount_USD Adjuster_ID Settlement_Date Recovered_Amount_USD Resolution_Notes Fraud_Flag,finance
Dividend_ID Record_Date Payment_Date Ticker Shares_Held Dividend_per_Share_USD Total_Dividend_USD Declaration_Date Ex_Dividend_Date Custodian_ID Portfolio_ID Tax_Withheld_USD,finance
Budget_Variance_ID Department Month Budget_USD Actual_USD Variance_USD Variance_perc Reviewed_By Review_Date Subcategory Owner_ID,finance
Forecast_ID Forecast_Date Metric Forecast_Value_USD Actual_Value_USD Forecast_Error_USD Forecast_Error_perc Model_ID Prepared_By Prepared_Date Approved_By Approval_Date Horizon_Days,finance
Liquidity_Metric_ID Metric_Name Value_USD Threshold_USD Calculated_By Calculation_Date Responsible_Party Review_Date Subcategory,finance
Capital_Expenditure_ID Project_ID Department Authorization_Date Amount_USD Vendor_ID Asset_Category Expected_Life_Years Useful_Life_Months Approved_By Approval_Date Cost_Center,finance
Debt_Issuance_ID Issue_Date Instrument_Type Issuer_ID Principal_USD Coupon_perc Maturity_Date Rating Underwriter_ID Offer_Price Issue_Size Tranche,finance
Securities_Lending_ID Transaction_Date Lender_ID Borrower_ID Instrument Quantity Fee_Rate_perc Fee_Amount_USD Collateral_Type Collateral_Value_USD Return_Date Trader_ID,finance
Treasury_Transaction_ID Trade_Date Security Buy_Sell Quantity Price_USD Trade_Value_USD Settlement_Date Counterparty Trader_ID Commission_USD Branch_ID,finance
CRIM ZN INDUS CHAS NOX RM DIS RAD TAX PTRATIO B LSTAT MEDV,real_estate
offer_short_name moreinfo_name full_description deal_days,real_estate
property_id street_name rstate latitude longitude postcode zestimate bedroom_number bathroom_number price_per_unit living_space land_space property_type property_status agency_name zillow_owned RunDate,real_estate
Area Furnishing Transaction,real_estate
house_age distance_to_the_nearest_MRT_station number_of_convenience_stores latitude longitude house_price_of_unit_area,real_estate
Serial_Number List_Year Date_Recorded Town Assessed_Value Sale_Amount Sales_Ratio Property_Type Residential_Type Non_Use_Code Assessor_Remarks OPM_remarks,real_estate
url beds size baths neighborhood,real_estate
area bedrooms bathrooms stories mainroad guestroom basement hotwaterheating airconditioning parking prefarea furnishingstatus,real_estate
PropertyID xrCompositeLandUseID xrBuildingTypeID ParcelID LocationStartNumber ApartmentUnitNumber StreetNameAndWay xrPrimaryNeighborhoodID LandSF TotalFinishedArea LivingUnits OwnerLastName OwnerFirstName PrimaryGrantor SaleDate TotalAppraisedValue LegalReference xrSalesValidityID xrDeedID,real_estate
Rate property carpet_area floor transaction facing overlooking ownership parking bathroom balcony Rate_per_sqft bedroom carpet_area_sqft total_area,real_estate
Listing_ID Bedrooms Bathrooms Square_Feet Lot_Size Year_Built Days_On_Market Property_Type Agent_Name,real_estate
MLS_ID Street_Address County Zipcode List_Price Sale_Price Bedrooms Bathrooms Square_Footage Lot_Size Year_Built,real_estate
Property_ID Neighborhood Area_sqft Bedrooms Bathrooms Year_Built HOA_Fees Parking_Spaces Days_On_Market Sale_Date,real_estate
Street List_Price Final_Price Beds Baths Living_Area Lot_Area,real_estate
ListingKey Postal_Code Asking_Price Closed_Price Bedrooms Bathrooms Square_Feet Lot_Size Year_Built Date_Listed,real_estate
PropertyID Street_Address Suburb ZIP ListPrice SalePrice BedCount BathCount FloorArea LandArea YearBuilt,real_estate
RecordID Street County Postal Price_USD Beds Baths SqFt LotSize YearBuilt MLS_Status SaleDate,real_estate
Full_Address Zip Bedrooms Bathrooms Total_Living_Area Lot_Size Year_Construction Listing_Status Realtor SaleDate,real_estate
URL Beds Baths Area LotSize YearBuilt Date_Listed AgentName,real_estate
Street Zip_Code Listing_Price Sale_Amount Bedrooms Bathrooms SquareFeet LotDimension YearBuilt Current_Status AgentCompany,real_estate
ListingID StreetAddress ZIP ListPrice SoldPrice Bedrooms Bathrooms LivingSqFt LandSqFt YearBuilt ListingDate,real_estate
PropertyID Neighborhood PostalCode ListPrice SalePrice Beds Baths LivingArea LotArea,real_estate
MLSNumber County Zip List_Price Sold_Price Beds Baths Square_Feet Lot_Size YearBuilt DaysOnMarket,real_estate
Prop_ID Addr Stat Zip PriceList PriceSold Bedrooms Baths LivingSqft LotSqft YearBuilt,real_estate
RecID ZIP Beds Baths LivingSpace LotSize YearBuilt MLSStatus SaleDate,real_estate
County ZIP ListPrice ClosedPrice Bedrooms Bathrooms SqFt LotSqft YearBuilt Sale_Date,real_estate
ListingID Zipcode AskingPrice FinalSalePrice Bedrooms Bathrooms LivingArea LotArea YearBuilt DaysListed,real_estate
PropID Street Zip PriceList PriceSold Beds Baths SquareFeet LandArea BuiltYear Agency,real_estate
RecordID Addr ZIP ListPrice SalePrice Bedrooms Bathrooms Area_sqft LotSize YearBuilt MLS_Status ClosingDate,real_estate
PropertyID FullAddress Zipcode ListingPrice SoldPrice Bedrooms Bathrooms SquareFeet LotSquareFeet YearBuilt,real_estate
Listing_ID StreetAddress Neighborhood Zip List_Price Sale_Price Beds Baths LivingArea LotSize YearBuilt,real_estate
MLS_ID County Zipcode ListPrice SalePrice Bedrooms Bathrooms SqFt LotArea YearBuilt SaleDate,real_estate
trip_creation_time route_schedule_uuid trip_uuid route_type source_center source_name destination_center destination_name,logistics
order_id customer_id origin destination shipment_date delivery_date carrier_id shipping_cost,logistics
shipment_id order_id package_id weight_kg dimensions warehouse_id dispatch_time expected_delivery_time,logistics
carrier_id carrier_name service_type rate_per_kg max_weight_limit,logistics
warehouse_id warehouse_name capacity_orders_per_day operational_since,logistics
stock_movement_id warehouse_id material_id movement_type quantity movement_date,logistics
PO_ID supplier_id order_date expected_delivery_date total_cost,logistics
PO_line_id PO_ID material_id quantity unit_cost,logistics
fulfillment_id sales_order_id shipment_id,logistics
inventory_id material_id warehouse_id quantity_on_hand last_stocktake_date,logistics
shipment_id order_id carrier_id origin destination ship_date actual_delivery_date,logistics
customer_id shipping_mode late_delivery_flag order_value,logistics
driver_id trip_id start_time end_time distance_km fuel_consumed_liters,logistics
order_id item_id quantity unit_price shipping_zone estimated_delivery_time,logistics
shipment_id barcode scan_time scan_type location_center,logistics
route_id start_center end_center distance_km travel_time_min route_type,logistics
package_id order_id delivery_time pickup_time courier_id delay_minutes,logistics
delivery_id order_id delivery_date delivery_time delayed_flag delay_reason,logistics
warehouse_id product_id on_hand reorder_level reorder_qty,logistics
supplier_id supplier_name lead_time_days on_time_delivery_rate,logistics
haul_id truck_id driver_id origin_hub destination_hub departure_time arrival_time load_weight_tonnes,logistics
order_id vendor_id warehouse_id order_date receive_date quantity_received quality_check_flag,logistics
route_uuid vehicle_id trip_date start_hub end_hub total_distance_km stop_count on_time_delivery,logistics
vehicle_id vehicle_type plate_number capacity_tonnes last_service_date,logistics
order_id customer_id product_id quantity price_per_unit total_price discount,logistics
shipment_id tracking_number carrier origin destination last_update_time,logistics
package_id weight_g length_cm width_cm height_cm volumetric_weight destination_zone,logistics
transfer_id from_warehouse to_warehouse transfer_date quantity product_id,logistics
manifest_id trip_id items_list total_weight departure_hub arrival_hub expected_arrival,logistics
delivery_order_id route_id scheduled_delivery_time actual_delivery_time delivered_flag customer_signature,logistics
order_id shipment_id warehouse_id pick_time pack_time ship_time delivery_time,logistics
truck_load_id route_id load_start_time load_end_time load_weight number_of_packages,logistics
Order_ID Customer_ID Sales_Rep_ID Product_ID Quantity Unit_Price Discount_perc Shipping_Cost Order_Status Payment_Method Invoice_ID,sales
Invoice_ID Invoice_Date Customer_ID Customer_Name Sales_Rep Territory Subtotal Total Payment_Terms Due_Date Payment_Date Payment_Status Credit_Note_ID,sales
Transaction_ID Customer_ID Channel Product_Category Product_ID Quantity_Sold Unit_Cost Unit_Selling_Price Gross_Margin Net_Sales Promotion_Code Return_Flag,sales
Sale_ID Sale_Date Rep_ID Rep_Name Customer_Segment Product_SKU Units_Sold List_Price Sale_Price Discount Revenue Profit Deal_Stage,sales
Order_Number Customer_Segment Sales_Channel Product_ID Product_Name Quantity Line_Total Commission_perc Commission Sales_Territory Fulfillment_Status,sales
Deal_ID Deal_Created_Date Close_Date Opportunity_Value Probability_perc Expected_Revenue Won_Lost_Flag Customer_ID Account_Manager Product_Line Industry Contract_Term_Months Renewal_Flag,sales
Quote_ID Quote_Date Customer_ID Sales_Rep_ID Product_ID Quote_Price List_Price Discount_perc Quote_Status Expiration_Date Approved_By Approval_Date Revision_Number,sales
Return_ID Return_Date Original_Order_ID Customer_ID Product_ID Quantity_Returned Return_Reason Restocking_Fee Refund Processed_By Processed_Date Credit_Issued_Flag Return_Status,sales
Opportunity_ID Created_Date Close_Date Lead_Source Campaign_ID Potential_Value Stage Next_Step Forecast_Category Probability_perc Owner_ID Industry Competitor,sales
Payment_ID Payment_Date Invoice_ID Customer_ID Payment_Method Transaction_Fee Exchange_Rate Cleared_Flag Cleared_Date Bank_Reference Reconciled_Flag,sales
Lead_ID Lead_Creation_Date Lead_Source Campaign Customer_ID Sales_Rep_ID Contact_Date Follow_Up_Date Lead_Score Converted_Opportunity_ID Priority,sales
Customer_ID Customer_Name Account_Created_Date Industry Annual_Revenue Employee_Count Tier Last_Order_Date Lifetime_Value Churn_Risk_Score Account_Manager,sales
Subscription_ID Customer_ID Plan_Type Monthly_Fee Setup_Fee Auto_Renew_Flag Renewal_Date Cancellation_Date Cancellation_Reason Billing_Cycle Next_Invoice_Date,sales
Channel_ID Channel_Type Sales_Date Units_Sold Revenue Profit Channel_Manager Promotion_ID Promotion_Discount_perc Traffic Conversion_Rate,sales
CrossSell_Oppty_ID Primary_Order_ID Upsell_Product_ID Upsell_Quantity Upsell_Price Upsell_Date Sales_Rep_ID Commission Customer_ID Campaign_ID Profit,sales
Territory_ID Territory_Name Sales_Rep_ID Assigned_Date Quota YTD_Sales Achievement_perc Forecast Potential Number_of_Accounts New_Accounts Lost_Accounts Region_Manager,sales
Product_Sales_ID Product_ID Sale_Date Units_Sold Units_Returned Net_Units_Sold Revenue COGS Gross_Profit Profit_Margin_perc Channel Warehouse_ID Batch_ID,sales
Pricing_ID Product_ID Effective_Date List_Price Discount_Structure Tier_1_Price Tier_2_Price Tier_3_Price Approved_By Approval_Date Channel,sales
Forecast_ID Forecast_Date Sales_Rep_ID Territory Pipeline_Value Forecast_Value Forecast_Accuracy_perc Historical_Sales Seasonality_Factor Economic_Index Model_Version Reviewed_By,sales
Channel_Promo_ID Channel Promotion_Start Promotion_End Discount_perc Min_Order_Value Max_Discount Target_Segment Projected_Lift_perc Actual_Lift_perc ROI_perc Created_By,sales
Customer_Service_Case_ID Case_Open_Date Case_Close_Date Customer_ID Issue_Type Resolution_Time_min Satisfaction_Score Agent_ID Channel Product_ID Case_Status Escalation_Flag,sales
Sales_Call_ID Call_Date Sales_Rep_ID Prospect_ID Call_Duration_sec Outcome Next_Action Follow_Up_Date Lead_Source Opportunity_ID Deal_Size Language,sales
Market_Segment_ID Segment_Name Total_Customers Segment_Revenue Segment_Profit Segment_Growth_perc Top_Product_ID Top_Sales_Rep_ID Created_Date Updated_Date Manager_ID,sales
Competitor_Analysis_ID Our_Product_ID Competitor_Product Competitor_Price Our_Price Feature_Comparison SWOT_Summary Recommended_Action Analyst_ID Market_Share_perc,sales
Bundle_Offer_ID Bundle_Name Included_Product_IDs Bundle_Price Min_Quantity Max_Quantity Channel Promotion_ID Sales_Rep_ID Revenue Profit,sales
Currency_Exchange_ID Currency_Pair Exchange_Rate Converted_Amount Transaction_ID Customer_ID Rate_Source Effective_Time Approved_By Branch_ID,sales
Contract_ID Customer_ID Contract_Value Renewal_Option Renewal_Probability_perc Sales_Rep_ID Legal_Reviewer_ID Contract_Status Signed_Date Termination_Date,sales
Web_Sales_ID Session_ID User_ID Product_ID Add_to_Cart_Date Purchase_Date Cart_Abandon_Flag Promotion_Code Discount Revenue Payment_Method Device_Type Browser Referral_Source,sales
Field_Sales_Visit_ID Visit_Date Sales_Rep_ID Customer_ID Purpose Outcome Next_Step Expenses Distance_km Duration_min Manager_ID,sales
Sales_KPI_ID KPI_Type Target_Value Actual_Value Achievement_perc Trend Reviewed_By Review_Date Action_Item,sales
Refund_ID Refund_Date Original_Invoice_ID Customer_ID Refund_Amount Refund_Method Processed_By Processed_Date Refund_Status Reason Approval_ID Approval_Date,sales
Lead_Nurture_ID Lead_ID Campaign_ID Touchpoint_Date Touchpoint_Type Content_ID Engagement_Score Next_Touch_Date Sales_Rep_ID Lead_Score Converted_Flag Language,sales
num age sexe sitfam principal voiture velo commun revenu,transport
Trip_ID Route_ID Bus_ID Driver_ID Day_of_Week Departure_Time Scheduled_Arrival_Time Actual_Arrival_Time Weather_Condition Traffic_Level Passenger_Count Stop_Count Average_Speed_kmph Delay_Minutes On_Time Engine_Temp_C Brake_Events Fuel_Consumed_Liters Route_Type Road_Condition,transport
Entity Code Year Air_transport_passengers_carried,transport
index Airline_ID Name Alias IATA ICAO Callsign Country Active,transport
downo daytype SubSystem StartStn EndStation EntTime EntTimeHHMM ExTime EXTimeHHMM ZVPPT JNYTYP DailyCapping FFare DFare RouteID FinalProduct,transport
Sr_No Year Region Category Motor_Cycles Scooters Moped Cars Jeeps Stn_Wagons Taxis_meter_fited Luxury_Turist_Cabs Auto_rikshaws Stage_carriages Contract_carriages_Mini_Bus School_Buses Private_Service_Vehicles Ambulances Articulated_Multi Trucks_Lorries Tanker Delivery_Van_4_wheelers Delivery_Van_3_wheelers Tractors Trailors Others,transport
Progress Duration_in_seconds Finished ResponseId UserLanguage Q1 Q2 Q3 Q4 Q5 Q5a Q5b Q6 Q7 Q8 Q9 Q10 Q11 Q11a Q11b Q12 Q12a Q12b Q13 Q14 15 16 17 18 19 20 21 22 23 24 25 26 27 27_9_TEXT 28 28_8_TEXT 29 30 Q31 Q3_Parent_Topics Q3_Topics Q4_Topics Q4_Parent_Topics Q13_Parent_Topics Q13_Topics 27_9_TEXT_Parent_Topics 27_9_TEXT_Topics 28_8_TEXT_Topics 28_8_TEXT_Parent_Topics Q31_Topics Q31_Parent_Topics,transport
Bus_Name Bus_Title Bus_Direction Weekdays Saturday Sunday,transport
station_id stationname date daytype rides,transport
County_FIPS County_Name State_FIPS State_Name Primary_and_Commercial_Airports Non_Commercial_Civil_Public_Use_Airports_and_Seaplane_base Non_Commercial_Other_Aerodromes Number_of_Bridges perc_of_Poor_Condition_Bridges Number_of_business_establishments Percent_of_resident_workers_who_commute_by_transit Number_of_resident_workers_who_work_at_home Number_of_workers_from_other_counties_who_commute_to_work_in_the_county Number_of_resident_workers_who_commute_to_work_in_other_counties Number_of_resident_workers_who_commute_within_county Number_of_resident_workers Number_of_residents Total_Docks Route_miles_of_freight_railroad perc_of_Medium_to_Fair_Condition_Bridges Route_miles_of_passenger_railroad_and_rail_transit,transport
agency_id agency_name agency_url agency_timezone agency_lang agency_phone,transport
route_id agency_id route_short_name route_long_name route_type route_color route_text_color,transport
trip_id route_id service_id trip_headsign trip_short_name direction_id block_id wheelchair_accessible bikes_allowed,transport
stop_id stop_code stop_name stop_desc stop_lat stop_lon zone_id stop_url location_type,transport
trip_id arrival_time departure_time stop_id stop_sequence stop_headsign pickup_type drop_off_type shape_dist_traveled,transport
service_id monday tuesday wednesday thursday friday saturday sunday start_date end_date,transport
service_id date exception_type,transport
fare_id price currency_type payment_method transfers transfer_duration,transport
fare_id route_id origin_id destination_id contains_id,transport
shape_id shape_pt_lat shape_pt_lon shape_pt_sequence shape_dist_traveled,transport
trip_id start_time end_time headway_secs,transport
from_stop_id to_stop_id transfer_type min_transfer_time,transport
pathway_id from_stop_id to_stop_id pathway_mode is_bidirectional,transport
feed_publisher_name feed_publisher_url feed_lang feed_start_date feed_end_date feed_version,transport
vehicle_id trip_id timestamp latitude longitude bearing speed stop_id stop_sequence,transport
route_id route_text_color route_url route_desc route_sort_order continuous_pickup continuous_drop_off,transport
zone_id zone_name zone_url,transport
stop_id level_id platform_code pickup_type drop_off_type vehicle_type,transport
trip_id stop_id shape_dist_traveled timepoint,transport
trip_id service_id direction_id wheelchair_accessible bikes_allowed,transport
stop_id stop_name stop_lat stop_lon location_type parent_station timezone,transport
route_id agency_id route_short_name route_long_name route_type,transport
agency_id agency_name agency_timezone,transport
trip_id route_id service_id trip_headsign block_id shape_id,transport
service_id start_date end_date monday tuesday wednesday thursday friday saturday sunday,transport
trip_id arrival_time departure_time stop_id stop_sequence,transport
agency_id agency_name agency_url agency_timezone,transport
fare_id price currency_type payment_method,transport
from_stop_id to_stop_id min_transfer_time transfer_type,transport
shape_id shape_pt_lat shape_pt_lon shape_pt_sequence,transport
trip_id start_time end_time headway_secs,transport
pathway_id from_stop_id to_stop_id pathway_mode is_bidirectional,transport
stop_id stop_name stop_desc stop_lat stop_lon,transport
route_id agency_id route_short_name route_long_name route_type,transport
trip_id route_id service_id direction_id wheelchair_accessible,transport
stop_id arrival_time departure_time stop_sequence timepoint,transport
service_id date exception_type,transport
fare_id price currency_type transfers transfer_duration,transport
trip_id pickup_type drop_off_type shape_dist_traveled,transport
agency_id feed_publisher_name feed_lang feed_start_date feed_end_date,transport
InvoiceNo StockCode Description Quantity InvoiceDate UnitPrice CustomerID Country,retail
TransactionID CustomerID Date ProductID Description Qty Price Country,retail
OrderNo CustomerID OrderDate ItemCode ItemDesc Qty UnitPrice Country InvoiceStatus,retail
InvoiceNo StockCode Description Quantity InvoiceDate UnitPrice CustomerID Country Region,retail
InvoiceNo StockCode Description Quantity InvoiceDate UnitPrice CustomerID Country SalesChannel,retail
OrderID StockCode CustomerID Date Product Quantity Price Country Currency,retail
.InvoiceNo StockCode Description Quantity InvoiceDate UnitPrice CustomerID Country InvoiceType,retail
OrderID CustomerID InvoiceDate StockCode Description Quantity UnitPrice Country DeliveryZip,retail
InvoiceNo StockCode Description Quantity InvoiceDate UnitPrice CustomerID Country InvoiceTime,retail
OrderID CustID OrderDate ProductCode ProductDescription Qty Price Country OrderStatus,retail
InvoiceNo StockCode Description Quantity InvoiceDate UnitPrice CustomerID Country PaymentMethod,retail
InvoiceNo StockCode Description Quantity InvoiceDate UnitPrice CustomerID Country ReturnFlag,retail
InvoiceNo StockCode Description Quantity InvoiceDate UnitPrice CustomerID Country PromotionCode,retail
InvoiceNo StockCode Description Quantity InvoiceDate UnitPrice CustomerID Country Discount,retail
OrderID StockCode Description Quantity OrderDate UnitCost CustomerID Country SalesPrice,retail
InvoiceNo StockCode ItemName Quantity InvoiceDate UnitPrice CustomerID Country StoreID,retail
InvoiceNo SKU Description Qty InvoiceDate Price CustomerID Country Category,retail
InvoiceNo StockCode Description Quantity InvoiceDate UnitPrice CustomerID Country ChannelType,retail
OrderId CustomerID ProductID Quantity OrderDate UnitPrice TotalPrice Country,retail
InvoiceNo StockCode Description Quantity InvoiceDate UnitPrice CustomerID Country DayOfWeek,retail
InvoiceNo StockCode Description Quantity InvoiceDate UnitPrice CustomerID Country InvoiceYear,retail
InvoiceNo StockCode Description Quantity InvoiceDate UnitPrice CustomerID Country InvoiceMonth,retail
OrderID StockCode Description Quantity OrderDate UnitPrice CustomerID Country OrderWeek,retail
InvoiceNo StockCode Description Quantity InvoiceDate UnitPrice CustomerID Country HolidayFlag,retail
InvoiceNo StockCode Description Quantity InvoiceDate UnitPrice CustomerID Country CustomerType,retail
OrderID StockCode Description Qty OrderDate Price CustomerID Country OnlineFlag,retail
InvoiceNo ProductCode ProductDesc Quantity InvoiceDate SalePrice CustomerID Country Currency,retail
OrderID StockCode Desc Quantity OrderDate UnitPrice CustID Country Region,retail
InvoiceNo StockCode Description Quantity InvoiceDate UnitPrice CustomerID Country DeliveryMethod,retail
ReceiptNo StockCode Description Quantity DateTime UnitPrice CustomerID Country,retail
InvoiceNo SKU Description Quantity InvoiceDate PriceEach CustomerID Country TaxRate,retail
InvoiceNo StockCode Description Quantity InvoiceDate UnitPrice CustomerID Country SalesOrg,retail
OrderID StockCode Desc Qty OrderDate UnitPrice CustomerID Country PaymentStatus,retail
OrderID ProductID ProductName Quantity OrderDate UnitCost CustomerID Country,retail
TxnID StockCode Description Quantity TxnDate UnitPrice CustID Country,retail
InvoiceNo StockCode Description Quantity InvoiceDate UnitPrice CustomerID Country CustomerSegment,retail
OrderID StockCode Description Quantity OrderDate PricePerUnit CustomerID Country,retail
InvoiceNo ProductCode Description Quantity InvoiceDate UnitPrice CustomerID Country PromotionID,retail
OrderID StockCode Description Quantity OrderDate UnitPrice CustomerID Country StoreLocation,retail
InvoiceNo StockCode ItemName Quantity InvoiceDate UnitPrice CustomerID Country SalesRep,retail
OrderID StockCode Description Quantity OrderDate UnitPrice CustID Country RegionID,retail
InvoiceNo SKU Description Quantity InvoiceDate UnitPrice CustomerID Country Channel,retail
OrderID StockCode Description Quantity OrderDate UnitPrice CustomerID Country SalesClass,retail
ReceiptID StockCode Description Quantity TxnDate UnitPrice CustomerID Country Currency,retail
InvoiceNo StockCode Description Quantity InvoiceDate UnitPrice CustomerID Country LineTotal,retail
OrderID StockCode Description Qty OrderDate UnitPrice CustomerID Country ProductCategory,retail
TxnID StockCode ItemDesc Quantity TxnDate UnitPrice CustomerID Country Promotion,retail
OrderID SKU Description Quantity OrderDate UnitPrice CustomerID Country Status,retail
InvoiceNo StockCode Description Quantity InvoiceDate UnitPrice CustomerID Country Source,retail
OrderID StockCode Description Quantity OrderDate UnitPrice CustomerID Country CustomerRegion,retail
campaign_id campaign_name start_date end_date channel budget impressions clicks conversions cost,marketing
customer_id age gender location income channel_last_contact campaign_response,marketing
email_id send_date open_rate click_through_rate unsubscribe_rate campaign_id,marketing
sms_id send_date message_length delivery_status customer_response campaign_id,marketing
customer_id campaign_id medium response_rate response_time purchase_amount,marketing
date campaign_id daily_spend daily_impressions daily_clicks daily_conversions,marketing
campaign_id channel segment target_audience reach frequency lift,marketing
customer_id campaign_id touchpoint channel timestamp action_type,marketing
campaign_id coupon_code issued_date expiry_date num_users redeemed_users,marketing
campaign_id creative_version split_test_group impressions clicks conversions,marketing
customer_id visit_date page_views products_viewed campaign_id conversion,marketing
campaign_id ad_platform ad_type cost_per_click cost_per_impression ROAS,marketing
customer_id survey_id satisfaction_score feedback_sent campaign_id date,marketing
campaign_id placement ad_size ad_engagement hover_time click_rate,marketing
lead_id campaign_id status qualification_score followup_date,marketing
customer_id platform device campaign_id conversion_value,marketing
campaign_id content_type message_subject send_time click_rate open_rate,marketing
customer_id preference_category last_interaction channel campaign_id,marketing
campaign_id offer_type discount_rate start_date end_date usage_rate,marketing
campaign_id geo_region impressions clicks cost currency,marketing
campaign_id A_B_test variant impressions clicks conversions,marketing
media_id campaign_id start_time end_time impressions CPM CPC,marketing
campaign_id product_line creative_id impressions clicks conversions,marketing
customer_id visit_duration scroll_depth ads_shown campaign_id,marketing
campaign_id daily_revenue daily_orders average_order_value campaign_id,marketing
campaign_id influencer_id posts likes shares comments reach,marketing
campaign_id ad_copy headline description CTA impressions clicks,marketing
customer_id referral_id referral_date rewarded campaign_id status,marketing
campaign_id platform engagement_rate bounce_rate time_on_site,marketing
customer_id loyalty_tier campaign_id earned_points redeemed_points,marketing
campaign_id discount_code visits redemption_rate average_discount,marketing
campaign_id seasonal_flag holiday_flag impressions conversions revenue,marketing
campaign_id video_views video_watch_time engagement_rate shares,marketing
campaign_id search_keyword impressions clicks conversions cost_per_click,marketing
customer_id churn_risk score last_exposed_campaign campaign_response,marketing
campaign_id geotarget_accuracy impressions inaccurate_geo_events,marketing
customer_id newsletter_signup date source medium campaign_id,marketing
campaign_id ad_budget_spent residual_budget allocated_budget,marketing
campaign_id ab_duration split_group_conversions split_group_response,marketing
campaign_id competitor_mentions pricing_mentions sentiment_score,marketing
campaign_id csr_sentiment survey_feedback negative_feedback_rate,marketing
customer_id last_purchase_date frequency_recency channel campaign_response,marketing
campaign_id webinar_registration count attendance_rate cost_per_lead,marketing
campaign_id event_type channel response_rate followup_rate,marketing
campaign_id banner_placement page_position impressions clicks CTR,marketing
campaign_id affiliate_id commission_rate sales affiliate_revenue,marketing
campaign_id clicked_link link_position device_type campaign_id,marketing
campaign_id dynamic_content version impressions clicks conversions,marketing
campaign_id remarket_list size impressions ctas shown CTR,marketing
campaign_id ad_format impressions clicks conversions cost_per_conversion,marketing
school sex age address famsize Pstatus Medu Fedu Mjob Fjob reason guardian traveltime studytime failures schoolsup famsup paid activities nursery higher internet romantic famrel freetime goout Dalc Walc health absences G1 G2 G3,student_performance
gender race_ethnicity parental_level_of_education lunch test_preparation_course math_score reading_score writing_score,student_performance
student_id gender age parental_education study_time absences previous_failures final_grade,student_performance
student_id math_grade reading_grade writing_grade average_score percent,student_performance
student_id time_study number_courses attendance_rate assignments_submitted final_score,student_performance
student_id gender age study_time absences participation_score final_grade,student_performance
student_id test_preparation_course parental_education lunch math_score reading_score writing_score final_grade,student_performance
student_id LMS_logins LMS_time_spent quizzes_taken submissions_grade final_grade,student_performance
student_id demographic_group travel_time study_time health education_support final_score,student_performance
student_id gender freetime goout internet romantic average_family_relationship final_score,student_performance
student_id math_score reading_score writing_score total_score pass_fail,student_performance
student_id previous_grade1 previous_grade2 previous_grade3 current_grade study_time,student_performance
student_id study_time failures absences extracurricular_score average_grade,student_performance
student_id study_time family_support internet access nonacademic_activities final_score,student_performance
student_id parental_job mother_education father_education study_time final_grade,student_performance
student_id gender school type religion guardian_family size relationships average_grade,student_performance
student_id attendance_rate assignment_score participation_score midterm_score final_score,student_performance
student_id gender travel_time freetime study_time absences GPA,student_performance
student_id parental_education failures schoolsup paid education support final_grade,student_performance
student_id past_failures school_support paid_classes study_time final_score,student_performance
student_id math_grade reading_grade writing_grade average_score pass_status,student_performance
student_id travel_time study_time failures absences health grade3,student_performance
student_id study_time failures absences school_support paid extra_paid_classes final_grade,student_performance
student_id parental_education romantic free_time goout health absences final_score,student_performance
student_id weight height distance_to_school family_size study_time grade,student_performance
student_id gender study_time failures absences G3 pass_fail,student_performance
student_id parental_support sports participation digital_hours study_time GPA,student_performance
student_id sleep_hours daily_study_time attendance rate assignments grade,student_performance
student_id gender race parental_education lunch test_preparation average_score,student_performance
student_id math_score reading_score writing_score study_time absences final_grade,student_performance
student_id freetime goout health absences study_time G3,student_performance
student_id parental_education study_time failures absences G1 G2 G3,student_performance
student_id gender lunch test_prep math_reading_writing total_score,student_performance
student_id age parental_education study_time absences performance_category,student_performance
student_id gender ethnicity parental_education study_time absences final_grade,student_performance
student_id behavior_score engagement_score study_time attendance final_score,student_performance
student_id study_time continuous_assessment assignment_score final_grade,student_performance
student_id sleep_hours screen_time study_time anxiety_level final_grade,student_performance
student_id attendance study_time participation_score midterm final_grade,student_performance
student_id parental_income parental_education absences GPA study_time,student_performance
student_id LMS_activity study_time quiz_score final_score,student_performance
student_id parental_education lunch test_prep exame_score pass_status,student_performance
student_id gender study_hours absences extracurricular activities average_score,student_performance
student_id sleep study_time health absences engagement final_grade,student_performance
student_id gender parental_education study_time absences G3 grade_category,student_performance
student_id travel_time study_time failures absences overall_score,student_performance
student_id previous_grades study_hours attendance participation final_score,student_performance
student_id demographic_group study_time failures absences test_preparation final_grade,student_performance
student_id number_courses study_time absences grade3 GPA,student_performance
student_id parental_education internets_access activities study_time final_score,student_performance
student_id gender parental_education valid_test_score study_time G3,student_performance
district school county grades students teachers calworks lunch computer expenditure income english read math,education
Instnm City State STABBR COSTT4_A Year,education
STABBR AverageCostOfAttendance Year InstitutionHoursWorking etc,education
INSTNM State TuitionIncome GraduationRate RetentionRate CompletionRate,education
INSTNM State UndergraduateEnrollment GraduateEnrollment PhDStaff FacultyRatio Expenditure GraduationRate,education
InstitutionName State City ZipCode Sector CarnegieClassification AdmissionRate GraduationRate,education
SchoolID SchoolName County TotalStudents TotalTeachers AverageClassSize StudentTeacherRatio,education
CollegeID CollegeName State Year Enroll UndergraduateIncome GraduateIncome,education
DistrictCode DistrictName SchoolCount AvgStudentCount TeacherCount AdequacyIndex,education
InstitutionID Name State PellGrantRate MedianEarnings LoanDefaultRate,education
School District County Year EducationBudget PerPupilSpending GraduationRate DropoutRate,education
UniversityID Name PublicPrivate AcceptanceRate YieldRate GraduationRate AvgStudentDebt,education
CollegeName ApplicationsReceived EnrolledStudents AdmissionsYield GraduationRate MidCareerSalary,education
SchoolID Name District Enrollment Teachers ExpenditurePerStudent MedianHouseholdIncome,education
Institution State Year PellRecipients GraduationRate RepaymentRate DefaultRate,education
CollegeID Name State AcceptanceRate AvgSATScore AvgACTScore GraduationRate,education
DistrictID Name State TotalSchools TotalEnrollment StudentTeacherRatio FreeLunchRate,education
InstitutionID Name Tuition InStateOutState Enrollment UndergradFaculty Ratio GraduationRate,education
SchoolID Name State GradesServed TotalSpecialNeedsStudents TeacherCounselorRatio,education
UniversityState UniversityName MedianFamilyIncome GraduationRate StudentDiversityIndex,education
InstitutionID InstitutionName State MedianDebt MedianEarnings After10Years GraduationRate,education
DistrictName SchoolDistrictID SchoolCount AvgTestScores Math Reading Science GraduationRate,education
CollegeName InstitutionState ApplicationsAdmissions EnrollmentGraduates LoanDefaultRate,education
InstitutionName State Year AvgSAT AvgACT Admissions Yield Graduation,education
SchoolBoardID DistrictName TotalSchools AvgSpending StudentAchievementIndex GraduationRate,education
InstitutionID Name Region CarnegieClass MinorityEnrollment GraduationRate Earnings25thPercentile,education
InstitutionName State GraduationRate RetentionRate AvgDebt 10YearEarnings,education
SchoolID District SchoolIdentifier Enrollment SpecialEdPercentage EconomicallyDisadvantagedRate,education
UniversityID UniversityName State TotalEnrollment GradEnrollment FacultyCount GraduationRate,education
Institution State SchoolCount AvgECATScore GraduationRate FinancialAidRate,education
InstitutionName Year AvgTuition GraduationRate EarningsMedian DefaultRate,education
District SchoolBoard DistrictID NumberOfRatherLarge Data etc,education
CollegeName Region AcceptanceRate MatriculationRate GraduationRate LoanRepaymentRate,education
InstitutionName State TenureTrackFaculty NonTenureTrackFaculty StudentFacultyRatio GraduationRate,education
SchoolDistrictID DistrictName EnrollmentTotal TeacherFullTime AvgExpenditurePerStudent StateTestScores,education
InstitutionName State AcceptanceRate MedianSAT GPARequirement GraduationRate IncomeDiversityIndex,education
DistrictID DistrictName NumberDistrictSchools StudentPovertyRate GraduationRate,education
InstitutionID Name State Region UndergraduateEnrollment GraduateEnrollment RetentionRate,education
InstitutionState CollegeName TotalApplications Accepted Enrolled GraduationRate,education
SchoolID DistrictName TotalTeachers TotalAdministrators StudentEnrollment GraduationRate,education
StateAbbrev CollegeName AcceptanceRate MedianSAT ACTScore Graduation7YearRate,education
DistrictName SchoolName EnrollmentGradesK12 StudentTeacherRatio AttendanceRate GraduationRate,education
CollegeID Name State GraduationRate RetentionRate UndergradEnrollment GradEnrollment,education
InstitutionName City State ApplicantSATPercentile YieldRate GraduationRate LoanDefaultRate,education
DistrictName Enrollment UrbanRural Classification GraduationRate perStudentExpenditure,education
CollegeID Name State AvgScholarshipAward GraduationRate LoanDebtAvg MedianEarnings,education
InstitutionName CampusName State UndergraduateEnrollment GraduateEnrollment TuitionCost GraduationRate,education
UniversityState UniversityName InstitutionalControl GraduationRate LoanDebt AvgIncome25Yr,education
InstitutionID Name Region AcceptanceRate YieldRate GraduationRate SubsidizedLoanPercent,education
DistrictID Name TotalStudents FreeLunchRate AttendanceRate GraduationRate ChronicAbsenteeismRate,education
